Year,Observation status,Unit multiplier,Nature of data points,Frequency of observation,Reporting type,SERIES,Reference area,UNIT_MEASURE,Value
2010,Normal value,Units,Not Available,Annual,National,Growth rates of household expenditure or income per capita [10.1.1],Viet Nam,Percent,96.4
2012,Normal value,Units,Not Available,Annual,National,Growth rates of household expenditure or income per capita [10.1.1],Viet Nam,Percent,100.0
2014,Normal value,Units,Not Available,Annual,National,Growth rates of household expenditure or income per capita [10.1.1],Viet Nam,Percent,94.7
2016,Normal value,Units,Not Available,Annual,National,Growth rates of household expenditure or income per capita [10.1.1],Viet Nam,Percent,100.0
2018,Normal value,Units,Not Available,Annual,National,Growth rates of household expenditure or income per capita [10.1.1],Viet Nam,Percent,99.6
