Year,Observation status,Unit multiplier,Nature of data points,Frequency of observation,Reporting type,SERIES,Reference area,UNIT_MEASURE,Value
2015,Normal value,Units,Not Available,Annual,National,Bribery incidence (% of firms experiencing at least one bribe payment request) [16.5.2],Viet Nam,Percent,66.0
2016,Normal value,Units,Not Available,Annual,National,Bribery incidence (% of firms experiencing at least one bribe payment request) [16.5.2],Viet Nam,Percent,66.0
2017,Normal value,Units,Not Available,Annual,National,Bribery incidence (% of firms experiencing at least one bribe payment request) [16.5.2],Viet Nam,Percent,59.0
2018,Normal value,Units,Not Available,Annual,National,Bribery incidence (% of firms experiencing at least one bribe payment request) [16.5.2],Viet Nam,Percent,54.8
2019,Normal value,Units,Not Available,Annual,National,Bribery incidence (% of firms experiencing at least one bribe payment request) [16.5.2],Viet Nam,Percent,53.6
