Year,Observation status,Unit multiplier,Nature of data points,Frequency of observation,Reporting type,SERIES,Reference area,Age,Degree of urbanisation,UNIT_MEASURE,Value
2011,Normal value,Units,Not Available,Annual,National,Proportion of children under 5 years of age whose births have been registered with a civil authority [16.9.1],Viet Nam,under 5 years old,,Percent,95.0
2014,Normal value,Units,Not Available,Annual,National,Proportion of children under 5 years of age whose births have been registered with a civil authority [16.9.1],Viet Nam,under 5 years old,,Percent,96.1
2019,Normal value,Units,Not Available,Annual,National,Proportion of children under 5 years of age whose births have been registered with a civil authority [16.9.1],Viet Nam,under 5 years old,,Percent,98.8
2019,Normal value,Units,Not Available,Annual,National,Proportion of children under 5 years of age whose births have been registered with a civil authority [16.9.1],Viet Nam,under 5 years old,Urban,Percent,99.3
2019,Normal value,Units,Not Available,Annual,National,Proportion of children under 5 years of age whose births have been registered with a civil authority [16.9.1],Viet Nam,under 5 years old,Rural,Percent,98.5
