Year,Observation status,Unit multiplier,Nature of data points,Frequency of observation,Reporting type,SERIES,Reference area,UNIT_MEASURE,Value
2016,Normal value,Units,Not Available,Annual,National,Proportion of births attended by skilled health personnel [3.1.2],Viet Nam,Percent,97.5
2017,Normal value,Units,Not Available,Annual,National,Proportion of births attended by skilled health personnel [3.1.2],Viet Nam,Percent,95.5
2018,Normal value,Units,Not Available,Annual,National,Proportion of births attended by skilled health personnel [3.1.2],Viet Nam,Percent,95.6
2019,Normal value,Units,Not Available,Annual,National,Proportion of births attended by skilled health personnel [3.1.2],Viet Nam,Percent,95.4
