Year,Observation status,Unit multiplier,Nature of data points,Frequency of observation,Reporting type,SERIES,Reference area,Age,UNIT_MEASURE,Value
2016,Normal value,Units,Not Available,Annual,National,"Adolescent birth rate (per 1,000 women aged 15-19 years) [3.7.2]",Viet Nam,15 to 19 years old,Percent,30.2
2017,Normal value,Units,Not Available,Annual,National,"Adolescent birth rate (per 1,000 women aged 15-19 years) [3.7.2]",Viet Nam,15 to 19 years old,Percent,32.0
2018,Normal value,Units,Not Available,Annual,National,"Adolescent birth rate (per 1,000 women aged 15-19 years) [3.7.2]",Viet Nam,15 to 19 years old,Percent,29.1
2019,Normal value,Units,Not Available,Annual,National,"Adolescent birth rate (per 1,000 women aged 15-19 years) [3.7.2]",Viet Nam,15 to 19 years old,Percent,35.0
