Year,Observation status,Unit multiplier,Nature of data points,Frequency of observation,Reporting type,SERIES,Reference area,Sex,UNIT_MEASURE,Value
2010,Normal value,Units,Not Available,Annual,National,Age-standardized prevalence of current tobacco use among persons aged 15 years and older [3.a.1],Viet Nam,,Percent,23.8
2015,Normal value,Units,Not Available,Annual,National,Age-standardized prevalence of current tobacco use among persons aged 15 years and older [3.a.1],Viet Nam,,Percent,22.5
2010,Normal value,Units,Not Available,Annual,National,Age-standardized prevalence of current tobacco use among persons aged 15 years and older [3.a.1],Viet Nam,Male,Percent,47.4
2015,Normal value,Units,Not Available,Annual,National,Age-standardized prevalence of current tobacco use among persons aged 15 years and older [3.a.1],Viet Nam,Male,Percent,45.3
2010,Normal value,Units,Not Available,Annual,National,Age-standardized prevalence of current tobacco use among persons aged 15 years and older [3.a.1],Viet Nam,Female,Percent,1.4
2015,Normal value,Units,Not Available,Annual,National,Age-standardized prevalence of current tobacco use among persons aged 15 years and older [3.a.1],Viet Nam,Female,Percent,1.1
