Year,Observation status,Unit multiplier,Nature of data points,Frequency of observation,Reporting type,SERIES,Reference area,Age,UNIT_MEASURE,Value
2016,Normal value,Units,Not Available,Annual,National,Proportion of adults (15 years and older) with an account at a financial institution or mobile-money-service provider [8.10.2],Viet Nam,15 years old and over,Percent,58.31
2017,Normal value,Units,Not Available,Annual,National,Proportion of adults (15 years and older) with an account at a financial institution or mobile-money-service provider [8.10.2],Viet Nam,15 years old and over,Percent,60.24
2018,Normal value,Units,Not Available,Annual,National,Proportion of adults (15 years and older) with an account at a financial institution or mobile-money-service provider [8.10.2],Viet Nam,15 years old and over,Percent,63.71
2019,Normal value,Units,Not Available,Annual,National,Proportion of adults (15 years and older) with an account at a financial institution or mobile-money-service provider [8.10.2],Viet Nam,15 years old and over,Percent,63.96
