Year,Observation status,Unit multiplier,Nature of data points,Frequency of observation,Reporting type,SERIES,Reference area,UNIT_MEASURE,Value
2016,Normal value,Units,Not Available,Annual,National,"Number of commercial bank branches per 100,000 adults [8.10.1]",Viet Nam,"Per 100,000 population",3.85
2017,Normal value,Units,Not Available,Annual,National,"Number of commercial bank branches per 100,000 adults [8.10.1]",Viet Nam,"Per 100,000 population",3.84
2018,Normal value,Units,Not Available,Annual,National,"Number of commercial bank branches per 100,000 adults [8.10.1]",Viet Nam,"Per 100,000 population",3.89
2019,Normal value,Units,Not Available,Annual,National,"Number of commercial bank branches per 100,000 adults [8.10.1]",Viet Nam,"Per 100,000 population",3.99
2016,Normal value,Units,Not Available,Annual,National,"Number of automated teller machines (ATMs) per 100,000 adults [8.10.1]",Viet Nam,"Per 100,000 population",24.6
2017,Normal value,Units,Not Available,Annual,National,"Number of automated teller machines (ATMs) per 100,000 adults [8.10.1]",Viet Nam,"Per 100,000 population",24.41
2018,Normal value,Units,Not Available,Annual,National,"Number of automated teller machines (ATMs) per 100,000 adults [8.10.1]",Viet Nam,"Per 100,000 population",25.56
2019,Normal value,Units,Not Available,Annual,National,"Number of automated teller machines (ATMs) per 100,000 adults [8.10.1]",Viet Nam,"Per 100,000 population",26.34
