Year,Observation status,Unit multiplier,Nature of data points,Frequency of observation,Reporting type,SERIES,Reference area,UNIT_MEASURE,Value
2010,Normal value,Millions,Not Available,Annual,National,Passenger volume (passenger kilometres) [9.1.2],Viet Nam,Passenger kilometres,97931.8
2011,Normal value,Millions,Not Available,Annual,National,Passenger volume (passenger kilometres) [9.1.2],Viet Nam,Passenger kilometres,108709.0
2012,Normal value,Millions,Not Available,Annual,National,Passenger volume (passenger kilometres) [9.1.2],Viet Nam,Passenger kilometres,116043.7
2013,Normal value,Millions,Not Available,Annual,National,Passenger volume (passenger kilometres) [9.1.2],Viet Nam,Passenger kilometres,124528.2
2014,Normal value,Millions,Not Available,Annual,National,Passenger volume (passenger kilometres) [9.1.2],Viet Nam,Passenger kilometres,139060.4
2015,Normal value,Millions,Not Available,Annual,National,Passenger volume (passenger kilometres) [9.1.2],Viet Nam,Passenger kilometres,154664.7
2016,Normal value,Millions,Not Available,Annual,National,Passenger volume (passenger kilometres) [9.1.2],Viet Nam,Passenger kilometres,169076.9
2017,Normal value,Millions,Not Available,Annual,National,Passenger volume (passenger kilometres) [9.1.2],Viet Nam,Passenger kilometres,186834.4
2018,Normal value,Millions,Not Available,Annual,National,Passenger volume (passenger kilometres) [9.1.2],Viet Nam,Passenger kilometres,206672.7
2019,Normal value,Millions,Not Available,Annual,National,Passenger volume (passenger kilometres) [9.1.2],Viet Nam,Passenger kilometres,230779.9
2010,Normal value,Millions,Not Available,Annual,National,Passenger volume (passenger kilometres) [9.1.2],Red River Delta,Passenger kilometres,14947.2
2011,Normal value,Millions,Not Available,Annual,National,Passenger volume (passenger kilometres) [9.1.2],Red River Delta,Passenger kilometres,16372.1
2012,Normal value,Millions,Not Available,Annual,National,Passenger volume (passenger kilometres) [9.1.2],Red River Delta,Passenger kilometres,17829.8
2013,Normal value,Millions,Not Available,Annual,National,Passenger volume (passenger kilometres) [9.1.2],Red River Delta,Passenger kilometres,19318.9
2014,Normal value,Millions,Not Available,Annual,National,Passenger volume (passenger kilometres) [9.1.2],Red River Delta,Passenger kilometres,20869.3
2015,Normal value,Millions,Not Available,Annual,National,Passenger volume (passenger kilometres) [9.1.2],Red River Delta,Passenger kilometres,22627.8
2016,Normal value,Millions,Not Available,Annual,National,Passenger volume (passenger kilometres) [9.1.2],Red River Delta,Passenger kilometres,24629.5
2017,Normal value,Millions,Not Available,Annual,National,Passenger volume (passenger kilometres) [9.1.2],Red River Delta,Passenger kilometres,26987.7
2018,Normal value,Millions,Not Available,Annual,National,Passenger volume (passenger kilometres) [9.1.2],Red River Delta,Passenger kilometres,29184.2
2010,Normal value,Millions,Not Available,Annual,National,Passenger volume (passenger kilometres) [9.1.2],Northern midlands and mountain areas,Passenger kilometres,4629.3
2011,Normal value,Millions,Not Available,Annual,National,Passenger volume (passenger kilometres) [9.1.2],Northern midlands and mountain areas,Passenger kilometres,4633.2
2012,Normal value,Millions,Not Available,Annual,National,Passenger volume (passenger kilometres) [9.1.2],Northern midlands and mountain areas,Passenger kilometres,4974.4
2013,Normal value,Millions,Not Available,Annual,National,Passenger volume (passenger kilometres) [9.1.2],Northern midlands and mountain areas,Passenger kilometres,5162.9
2014,Normal value,Millions,Not Available,Annual,National,Passenger volume (passenger kilometres) [9.1.2],Northern midlands and mountain areas,Passenger kilometres,5394.9
2015,Normal value,Millions,Not Available,Annual,National,Passenger volume (passenger kilometres) [9.1.2],Northern midlands and mountain areas,Passenger kilometres,5732.0
2016,Normal value,Millions,Not Available,Annual,National,Passenger volume (passenger kilometres) [9.1.2],Northern midlands and mountain areas,Passenger kilometres,6128.3
2017,Normal value,Millions,Not Available,Annual,National,Passenger volume (passenger kilometres) [9.1.2],Northern midlands and mountain areas,Passenger kilometres,6576.1
2018,Normal value,Millions,Not Available,Annual,National,Passenger volume (passenger kilometres) [9.1.2],Northern midlands and mountain areas,Passenger kilometres,7084.7
2010,Normal value,Millions,Not Available,Annual,National,Passenger volume (passenger kilometres) [9.1.2],Northern Central area and Central coastal area,Passenger kilometres,13074.4
2011,Normal value,Millions,Not Available,Annual,National,Passenger volume (passenger kilometres) [9.1.2],Northern Central area and Central coastal area,Passenger kilometres,14986.0
2012,Normal value,Millions,Not Available,Annual,National,Passenger volume (passenger kilometres) [9.1.2],Northern Central area and Central coastal area,Passenger kilometres,16293.6
2013,Normal value,Millions,Not Available,Annual,National,Passenger volume (passenger kilometres) [9.1.2],Northern Central area and Central coastal area,Passenger kilometres,17445.8
2014,Normal value,Millions,Not Available,Annual,National,Passenger volume (passenger kilometres) [9.1.2],Northern Central area and Central coastal area,Passenger kilometres,18442.2
2015,Normal value,Millions,Not Available,Annual,National,Passenger volume (passenger kilometres) [9.1.2],Northern Central area and Central coastal area,Passenger kilometres,20224.1
2016,Normal value,Millions,Not Available,Annual,National,Passenger volume (passenger kilometres) [9.1.2],Northern Central area and Central coastal area,Passenger kilometres,22005.6
2017,Normal value,Millions,Not Available,Annual,National,Passenger volume (passenger kilometres) [9.1.2],Northern Central area and Central coastal area,Passenger kilometres,23970.6
2018,Normal value,Millions,Not Available,Annual,National,Passenger volume (passenger kilometres) [9.1.2],Northern Central area and Central coastal area,Passenger kilometres,25152.9
2010,Normal value,Millions,Not Available,Annual,National,Passenger volume (passenger kilometres) [9.1.2],Central Highlands,Passenger kilometres,4991.4
2011,Normal value,Millions,Not Available,Annual,National,Passenger volume (passenger kilometres) [9.1.2],Central Highlands,Passenger kilometres,5301.2
2012,Normal value,Millions,Not Available,Annual,National,Passenger volume (passenger kilometres) [9.1.2],Central Highlands,Passenger kilometres,5614.1
2013,Normal value,Millions,Not Available,Annual,National,Passenger volume (passenger kilometres) [9.1.2],Central Highlands,Passenger kilometres,5801.1
2014,Normal value,Millions,Not Available,Annual,National,Passenger volume (passenger kilometres) [9.1.2],Central Highlands,Passenger kilometres,5966.4
2015,Normal value,Millions,Not Available,Annual,National,Passenger volume (passenger kilometres) [9.1.2],Central Highlands,Passenger kilometres,6455.9
2016,Normal value,Millions,Not Available,Annual,National,Passenger volume (passenger kilometres) [9.1.2],Central Highlands,Passenger kilometres,6919.4
2017,Normal value,Millions,Not Available,Annual,National,Passenger volume (passenger kilometres) [9.1.2],Central Highlands,Passenger kilometres,7640.9
2018,Normal value,Millions,Not Available,Annual,National,Passenger volume (passenger kilometres) [9.1.2],Central Highlands,Passenger kilometres,8490.5
2010,Normal value,Millions,Not Available,Annual,National,Passenger volume (passenger kilometres) [9.1.2],South East,Passenger kilometres,18235.3
2011,Normal value,Millions,Not Available,Annual,National,Passenger volume (passenger kilometres) [9.1.2],South East,Passenger kilometres,22288.6
2012,Normal value,Millions,Not Available,Annual,National,Passenger volume (passenger kilometres) [9.1.2],South East,Passenger kilometres,23244.9
2013,Normal value,Millions,Not Available,Annual,National,Passenger volume (passenger kilometres) [9.1.2],South East,Passenger kilometres,25259.4
2014,Normal value,Millions,Not Available,Annual,National,Passenger volume (passenger kilometres) [9.1.2],South East,Passenger kilometres,27774.5
2015,Normal value,Millions,Not Available,Annual,National,Passenger volume (passenger kilometres) [9.1.2],South East,Passenger kilometres,30544.6
2016,Normal value,Millions,Not Available,Annual,National,Passenger volume (passenger kilometres) [9.1.2],South East,Passenger kilometres,32817.7
2017,Normal value,Millions,Not Available,Annual,National,Passenger volume (passenger kilometres) [9.1.2],South East,Passenger kilometres,35462.4
2018,Normal value,Millions,Not Available,Annual,National,Passenger volume (passenger kilometres) [9.1.2],South East,Passenger kilometres,40355.2
2010,Normal value,Millions,Not Available,Annual,National,Passenger volume (passenger kilometres) [9.1.2],Mekong River Delta,Passenger kilometres,16065.3
2011,Normal value,Millions,Not Available,Annual,National,Passenger volume (passenger kilometres) [9.1.2],Mekong River Delta,Passenger kilometres,17287.9
2012,Normal value,Millions,Not Available,Annual,National,Passenger volume (passenger kilometres) [9.1.2],Mekong River Delta,Passenger kilometres,18621.3
2013,Normal value,Millions,Not Available,Annual,National,Passenger volume (passenger kilometres) [9.1.2],Mekong River Delta,Passenger kilometres,19719.0
2014,Normal value,Millions,Not Available,Annual,National,Passenger volume (passenger kilometres) [9.1.2],Mekong River Delta,Passenger kilometres,20035.3
2015,Normal value,Millions,Not Available,Annual,National,Passenger volume (passenger kilometres) [9.1.2],Mekong River Delta,Passenger kilometres,20697.8
2016,Normal value,Millions,Not Available,Annual,National,Passenger volume (passenger kilometres) [9.1.2],Mekong River Delta,Passenger kilometres,21850.2
2017,Normal value,Millions,Not Available,Annual,National,Passenger volume (passenger kilometres) [9.1.2],Mekong River Delta,Passenger kilometres,23377.7
2018,Normal value,Millions,Not Available,Annual,National,Passenger volume (passenger kilometres) [9.1.2],Mekong River Delta,Passenger kilometres,25007.1
2010,Normal value,Millions,Not Available,Annual,National,Passenger volume (passenger kilometres) [9.1.2],Ha Noi,Passenger kilometres,7174.2
2011,Normal value,Millions,Not Available,Annual,National,Passenger volume (passenger kilometres) [9.1.2],Ha Noi,Passenger kilometres,7815.5
2012,Normal value,Millions,Not Available,Annual,National,Passenger volume (passenger kilometres) [9.1.2],Ha Noi,Passenger kilometres,8581.1
2013,Normal value,Millions,Not Available,Annual,National,Passenger volume (passenger kilometres) [9.1.2],Ha Noi,Passenger kilometres,9490.3
2014,Normal value,Millions,Not Available,Annual,National,Passenger volume (passenger kilometres) [9.1.2],Ha Noi,Passenger kilometres,10623.3
2015,Normal value,Millions,Not Available,Annual,National,Passenger volume (passenger kilometres) [9.1.2],Ha Noi,Passenger kilometres,11575.1
2016,Normal value,Millions,Not Available,Annual,National,Passenger volume (passenger kilometres) [9.1.2],Ha Noi,Passenger kilometres,12634.6
2017,Normal value,Millions,Not Available,Annual,National,Passenger volume (passenger kilometres) [9.1.2],Ha Noi,Passenger kilometres,13880.8
2018,Normal value,Millions,Not Available,Annual,National,Passenger volume (passenger kilometres) [9.1.2],Ha Noi,Passenger kilometres,15087.3
2010,Normal value,Millions,Not Available,Annual,National,Passenger volume (passenger kilometres) [9.1.2],Vinh Phuc,Passenger kilometres,1111.2
2011,Normal value,Millions,Not Available,Annual,National,Passenger volume (passenger kilometres) [9.1.2],Vinh Phuc,Passenger kilometres,1198.2
2012,Normal value,Millions,Not Available,Annual,National,Passenger volume (passenger kilometres) [9.1.2],Vinh Phuc,Passenger kilometres,1322.1
2013,Normal value,Millions,Not Available,Annual,National,Passenger volume (passenger kilometres) [9.1.2],Vinh Phuc,Passenger kilometres,1406.2
2014,Normal value,Millions,Not Available,Annual,National,Passenger volume (passenger kilometres) [9.1.2],Vinh Phuc,Passenger kilometres,1608.0
2015,Normal value,Millions,Not Available,Annual,National,Passenger volume (passenger kilometres) [9.1.2],Vinh Phuc,Passenger kilometres,1717.2
2016,Normal value,Millions,Not Available,Annual,National,Passenger volume (passenger kilometres) [9.1.2],Vinh Phuc,Passenger kilometres,1780.6
2017,Normal value,Millions,Not Available,Annual,National,Passenger volume (passenger kilometres) [9.1.2],Vinh Phuc,Passenger kilometres,1887.2
2018,Normal value,Millions,Not Available,Annual,National,Passenger volume (passenger kilometres) [9.1.2],Vinh Phuc,Passenger kilometres,1326.7
2010,Normal value,Millions,Not Available,Annual,National,Passenger volume (passenger kilometres) [9.1.2],Bac Ninh,Passenger kilometres,335.2
2011,Normal value,Millions,Not Available,Annual,National,Passenger volume (passenger kilometres) [9.1.2],Bac Ninh,Passenger kilometres,341.2
2012,Normal value,Millions,Not Available,Annual,National,Passenger volume (passenger kilometres) [9.1.2],Bac Ninh,Passenger kilometres,371.3
2013,Normal value,Millions,Not Available,Annual,National,Passenger volume (passenger kilometres) [9.1.2],Bac Ninh,Passenger kilometres,391.7
2014,Normal value,Millions,Not Available,Annual,National,Passenger volume (passenger kilometres) [9.1.2],Bac Ninh,Passenger kilometres,403.2
2015,Normal value,Millions,Not Available,Annual,National,Passenger volume (passenger kilometres) [9.1.2],Bac Ninh,Passenger kilometres,444.4
2016,Normal value,Millions,Not Available,Annual,National,Passenger volume (passenger kilometres) [9.1.2],Bac Ninh,Passenger kilometres,494.3
2017,Normal value,Millions,Not Available,Annual,National,Passenger volume (passenger kilometres) [9.1.2],Bac Ninh,Passenger kilometres,551.5
2018,Normal value,Millions,Not Available,Annual,National,Passenger volume (passenger kilometres) [9.1.2],Bac Ninh,Passenger kilometres,764.4
2010,Normal value,Millions,Not Available,Annual,National,Passenger volume (passenger kilometres) [9.1.2],Quang Ninh,Passenger kilometres,1375.0
2011,Normal value,Millions,Not Available,Annual,National,Passenger volume (passenger kilometres) [9.1.2],Quang Ninh,Passenger kilometres,1499.4
2012,Normal value,Millions,Not Available,Annual,National,Passenger volume (passenger kilometres) [9.1.2],Quang Ninh,Passenger kilometres,1606.2
2013,Normal value,Millions,Not Available,Annual,National,Passenger volume (passenger kilometres) [9.1.2],Quang Ninh,Passenger kilometres,1647.6
2014,Normal value,Millions,Not Available,Annual,National,Passenger volume (passenger kilometres) [9.1.2],Quang Ninh,Passenger kilometres,1599.8
2015,Normal value,Millions,Not Available,Annual,National,Passenger volume (passenger kilometres) [9.1.2],Quang Ninh,Passenger kilometres,1862.4
2016,Normal value,Millions,Not Available,Annual,National,Passenger volume (passenger kilometres) [9.1.2],Quang Ninh,Passenger kilometres,2070.8
2017,Normal value,Millions,Not Available,Annual,National,Passenger volume (passenger kilometres) [9.1.2],Quang Ninh,Passenger kilometres,2293.3
2018,Normal value,Millions,Not Available,Annual,National,Passenger volume (passenger kilometres) [9.1.2],Quang Ninh,Passenger kilometres,2708.9
2010,Normal value,Millions,Not Available,Annual,National,Passenger volume (passenger kilometres) [9.1.2],Hai Duong,Passenger kilometres,718.1
2011,Normal value,Millions,Not Available,Annual,National,Passenger volume (passenger kilometres) [9.1.2],Hai Duong,Passenger kilometres,845.8
2012,Normal value,Millions,Not Available,Annual,National,Passenger volume (passenger kilometres) [9.1.2],Hai Duong,Passenger kilometres,954.7
2013,Normal value,Millions,Not Available,Annual,National,Passenger volume (passenger kilometres) [9.1.2],Hai Duong,Passenger kilometres,1062.5
2014,Normal value,Millions,Not Available,Annual,National,Passenger volume (passenger kilometres) [9.1.2],Hai Duong,Passenger kilometres,1092.9
2015,Normal value,Millions,Not Available,Annual,National,Passenger volume (passenger kilometres) [9.1.2],Hai Duong,Passenger kilometres,1184.7
2016,Normal value,Millions,Not Available,Annual,National,Passenger volume (passenger kilometres) [9.1.2],Hai Duong,Passenger kilometres,1300.6
2017,Normal value,Millions,Not Available,Annual,National,Passenger volume (passenger kilometres) [9.1.2],Hai Duong,Passenger kilometres,1437.2
2018,Normal value,Millions,Not Available,Annual,National,Passenger volume (passenger kilometres) [9.1.2],Hai Duong,Passenger kilometres,1591.7
2010,Normal value,Millions,Not Available,Annual,National,Passenger volume (passenger kilometres) [9.1.2],Hai Phong,Passenger kilometres,1156.4
2011,Normal value,Millions,Not Available,Annual,National,Passenger volume (passenger kilometres) [9.1.2],Hai Phong,Passenger kilometres,1294.2
2012,Normal value,Millions,Not Available,Annual,National,Passenger volume (passenger kilometres) [9.1.2],Hai Phong,Passenger kilometres,1390.2
2013,Normal value,Millions,Not Available,Annual,National,Passenger volume (passenger kilometres) [9.1.2],Hai Phong,Passenger kilometres,1524.6
2014,Normal value,Millions,Not Available,Annual,National,Passenger volume (passenger kilometres) [9.1.2],Hai Phong,Passenger kilometres,1606.9
2015,Normal value,Millions,Not Available,Annual,National,Passenger volume (passenger kilometres) [9.1.2],Hai Phong,Passenger kilometres,1672.1
2016,Normal value,Millions,Not Available,Annual,National,Passenger volume (passenger kilometres) [9.1.2],Hai Phong,Passenger kilometres,1972.6
2017,Normal value,Millions,Not Available,Annual,National,Passenger volume (passenger kilometres) [9.1.2],Hai Phong,Passenger kilometres,2191.4
2018,Normal value,Millions,Not Available,Annual,National,Passenger volume (passenger kilometres) [9.1.2],Hai Phong,Passenger kilometres,2527.9
2010,Normal value,Millions,Not Available,Annual,National,Passenger volume (passenger kilometres) [9.1.2],Hung Yen,Passenger kilometres,362.7
2011,Normal value,Millions,Not Available,Annual,National,Passenger volume (passenger kilometres) [9.1.2],Hung Yen,Passenger kilometres,438.5
2012,Normal value,Millions,Not Available,Annual,National,Passenger volume (passenger kilometres) [9.1.2],Hung Yen,Passenger kilometres,470.4
2013,Normal value,Millions,Not Available,Annual,National,Passenger volume (passenger kilometres) [9.1.2],Hung Yen,Passenger kilometres,463.1
2014,Normal value,Millions,Not Available,Annual,National,Passenger volume (passenger kilometres) [9.1.2],Hung Yen,Passenger kilometres,479.7
2015,Normal value,Millions,Not Available,Annual,National,Passenger volume (passenger kilometres) [9.1.2],Hung Yen,Passenger kilometres,516.9
2016,Normal value,Millions,Not Available,Annual,National,Passenger volume (passenger kilometres) [9.1.2],Hung Yen,Passenger kilometres,568.4
2017,Normal value,Millions,Not Available,Annual,National,Passenger volume (passenger kilometres) [9.1.2],Hung Yen,Passenger kilometres,630.9
2018,Normal value,Millions,Not Available,Annual,National,Passenger volume (passenger kilometres) [9.1.2],Hung Yen,Passenger kilometres,688.0
2010,Normal value,Millions,Not Available,Annual,National,Passenger volume (passenger kilometres) [9.1.2],Thai Binh,Passenger kilometres,917.6
2011,Normal value,Millions,Not Available,Annual,National,Passenger volume (passenger kilometres) [9.1.2],Thai Binh,Passenger kilometres,965.8
2012,Normal value,Millions,Not Available,Annual,National,Passenger volume (passenger kilometres) [9.1.2],Thai Binh,Passenger kilometres,1030.6
2013,Normal value,Millions,Not Available,Annual,National,Passenger volume (passenger kilometres) [9.1.2],Thai Binh,Passenger kilometres,1093.9
2014,Normal value,Millions,Not Available,Annual,National,Passenger volume (passenger kilometres) [9.1.2],Thai Binh,Passenger kilometres,1158.9
2015,Normal value,Millions,Not Available,Annual,National,Passenger volume (passenger kilometres) [9.1.2],Thai Binh,Passenger kilometres,1155.7
2016,Normal value,Millions,Not Available,Annual,National,Passenger volume (passenger kilometres) [9.1.2],Thai Binh,Passenger kilometres,1130.3
2017,Normal value,Millions,Not Available,Annual,National,Passenger volume (passenger kilometres) [9.1.2],Thai Binh,Passenger kilometres,1255.8
2018,Normal value,Millions,Not Available,Annual,National,Passenger volume (passenger kilometres) [9.1.2],Thai Binh,Passenger kilometres,1477.4
2010,Normal value,Millions,Not Available,Annual,National,Passenger volume (passenger kilometres) [9.1.2],Ha Nam,Passenger kilometres,232.4
2011,Normal value,Millions,Not Available,Annual,National,Passenger volume (passenger kilometres) [9.1.2],Ha Nam,Passenger kilometres,246.8
2012,Normal value,Millions,Not Available,Annual,National,Passenger volume (passenger kilometres) [9.1.2],Ha Nam,Passenger kilometres,255.9
2013,Normal value,Millions,Not Available,Annual,National,Passenger volume (passenger kilometres) [9.1.2],Ha Nam,Passenger kilometres,264.2
2014,Normal value,Millions,Not Available,Annual,National,Passenger volume (passenger kilometres) [9.1.2],Ha Nam,Passenger kilometres,273.0
2015,Normal value,Millions,Not Available,Annual,National,Passenger volume (passenger kilometres) [9.1.2],Ha Nam,Passenger kilometres,297.1
2016,Normal value,Millions,Not Available,Annual,National,Passenger volume (passenger kilometres) [9.1.2],Ha Nam,Passenger kilometres,308.9
2017,Normal value,Millions,Not Available,Annual,National,Passenger volume (passenger kilometres) [9.1.2],Ha Nam,Passenger kilometres,324.3
2018,Normal value,Millions,Not Available,Annual,National,Passenger volume (passenger kilometres) [9.1.2],Ha Nam,Passenger kilometres,336.3
2010,Normal value,Millions,Not Available,Annual,National,Passenger volume (passenger kilometres) [9.1.2],Nam Dinh,Passenger kilometres,1006.8
2011,Normal value,Millions,Not Available,Annual,National,Passenger volume (passenger kilometres) [9.1.2],Nam Dinh,Passenger kilometres,1151.4
2012,Normal value,Millions,Not Available,Annual,National,Passenger volume (passenger kilometres) [9.1.2],Nam Dinh,Passenger kilometres,1215.1
2013,Normal value,Millions,Not Available,Annual,National,Passenger volume (passenger kilometres) [9.1.2],Nam Dinh,Passenger kilometres,1308.6
2014,Normal value,Millions,Not Available,Annual,National,Passenger volume (passenger kilometres) [9.1.2],Nam Dinh,Passenger kilometres,1344.4
2015,Normal value,Millions,Not Available,Annual,National,Passenger volume (passenger kilometres) [9.1.2],Nam Dinh,Passenger kilometres,1411.6
2016,Normal value,Millions,Not Available,Annual,National,Passenger volume (passenger kilometres) [9.1.2],Nam Dinh,Passenger kilometres,1487.4
2017,Normal value,Millions,Not Available,Annual,National,Passenger volume (passenger kilometres) [9.1.2],Nam Dinh,Passenger kilometres,1637.6
2018,Normal value,Millions,Not Available,Annual,National,Passenger volume (passenger kilometres) [9.1.2],Nam Dinh,Passenger kilometres,1763.5
2010,Normal value,Millions,Not Available,Annual,National,Passenger volume (passenger kilometres) [9.1.2],Ninh Binh,Passenger kilometres,557.6
2011,Normal value,Millions,Not Available,Annual,National,Passenger volume (passenger kilometres) [9.1.2],Ninh Binh,Passenger kilometres,575.3
2012,Normal value,Millions,Not Available,Annual,National,Passenger volume (passenger kilometres) [9.1.2],Ninh Binh,Passenger kilometres,632.2
2013,Normal value,Millions,Not Available,Annual,National,Passenger volume (passenger kilometres) [9.1.2],Ninh Binh,Passenger kilometres,666.2
2014,Normal value,Millions,Not Available,Annual,National,Passenger volume (passenger kilometres) [9.1.2],Ninh Binh,Passenger kilometres,679.2
2015,Normal value,Millions,Not Available,Annual,National,Passenger volume (passenger kilometres) [9.1.2],Ninh Binh,Passenger kilometres,790.6
2016,Normal value,Millions,Not Available,Annual,National,Passenger volume (passenger kilometres) [9.1.2],Ninh Binh,Passenger kilometres,881.0
2017,Normal value,Millions,Not Available,Annual,National,Passenger volume (passenger kilometres) [9.1.2],Ninh Binh,Passenger kilometres,897.7
2018,Normal value,Millions,Not Available,Annual,National,Passenger volume (passenger kilometres) [9.1.2],Ninh Binh,Passenger kilometres,912.1
2010,Normal value,Millions,Not Available,Annual,National,Passenger volume (passenger kilometres) [9.1.2],Ha Giang,Passenger kilometres,120.7
2011,Normal value,Millions,Not Available,Annual,National,Passenger volume (passenger kilometres) [9.1.2],Ha Giang,Passenger kilometres,123.7
2012,Normal value,Millions,Not Available,Annual,National,Passenger volume (passenger kilometres) [9.1.2],Ha Giang,Passenger kilometres,129.6
2013,Normal value,Millions,Not Available,Annual,National,Passenger volume (passenger kilometres) [9.1.2],Ha Giang,Passenger kilometres,133.7
2014,Normal value,Millions,Not Available,Annual,National,Passenger volume (passenger kilometres) [9.1.2],Ha Giang,Passenger kilometres,141.1
2015,Normal value,Millions,Not Available,Annual,National,Passenger volume (passenger kilometres) [9.1.2],Ha Giang,Passenger kilometres,151.5
2016,Normal value,Millions,Not Available,Annual,National,Passenger volume (passenger kilometres) [9.1.2],Ha Giang,Passenger kilometres,160.1
2017,Normal value,Millions,Not Available,Annual,National,Passenger volume (passenger kilometres) [9.1.2],Ha Giang,Passenger kilometres,173.4
2018,Normal value,Millions,Not Available,Annual,National,Passenger volume (passenger kilometres) [9.1.2],Ha Giang,Passenger kilometres,197.9
2010,Normal value,Millions,Not Available,Annual,National,Passenger volume (passenger kilometres) [9.1.2],Cao Bang,Passenger kilometres,78.7
2011,Normal value,Millions,Not Available,Annual,National,Passenger volume (passenger kilometres) [9.1.2],Cao Bang,Passenger kilometres,73.4
2012,Normal value,Millions,Not Available,Annual,National,Passenger volume (passenger kilometres) [9.1.2],Cao Bang,Passenger kilometres,76.3
2013,Normal value,Millions,Not Available,Annual,National,Passenger volume (passenger kilometres) [9.1.2],Cao Bang,Passenger kilometres,79.9
2014,Normal value,Millions,Not Available,Annual,National,Passenger volume (passenger kilometres) [9.1.2],Cao Bang,Passenger kilometres,82.9
2015,Normal value,Millions,Not Available,Annual,National,Passenger volume (passenger kilometres) [9.1.2],Cao Bang,Passenger kilometres,94.3
2016,Normal value,Millions,Not Available,Annual,National,Passenger volume (passenger kilometres) [9.1.2],Cao Bang,Passenger kilometres,97.7
2017,Normal value,Millions,Not Available,Annual,National,Passenger volume (passenger kilometres) [9.1.2],Cao Bang,Passenger kilometres,98.1
2018,Normal value,Millions,Not Available,Annual,National,Passenger volume (passenger kilometres) [9.1.2],Cao Bang,Passenger kilometres,94.2
2010,Normal value,Millions,Not Available,Annual,National,Passenger volume (passenger kilometres) [9.1.2],Bac Kan,Passenger kilometres,203.7
2011,Normal value,Millions,Not Available,Annual,National,Passenger volume (passenger kilometres) [9.1.2],Bac Kan,Passenger kilometres,227.1
2012,Normal value,Millions,Not Available,Annual,National,Passenger volume (passenger kilometres) [9.1.2],Bac Kan,Passenger kilometres,221.4
2013,Normal value,Millions,Not Available,Annual,National,Passenger volume (passenger kilometres) [9.1.2],Bac Kan,Passenger kilometres,215.9
2014,Normal value,Millions,Not Available,Annual,National,Passenger volume (passenger kilometres) [9.1.2],Bac Kan,Passenger kilometres,220.8
2015,Normal value,Millions,Not Available,Annual,National,Passenger volume (passenger kilometres) [9.1.2],Bac Kan,Passenger kilometres,227.6
2016,Normal value,Millions,Not Available,Annual,National,Passenger volume (passenger kilometres) [9.1.2],Bac Kan,Passenger kilometres,237.2
2017,Normal value,Millions,Not Available,Annual,National,Passenger volume (passenger kilometres) [9.1.2],Bac Kan,Passenger kilometres,235.6
2018,Normal value,Millions,Not Available,Annual,National,Passenger volume (passenger kilometres) [9.1.2],Bac Kan,Passenger kilometres,207.8
2010,Normal value,Millions,Not Available,Annual,National,Passenger volume (passenger kilometres) [9.1.2],Tuyen Quang,Passenger kilometres,643.4
2011,Normal value,Millions,Not Available,Annual,National,Passenger volume (passenger kilometres) [9.1.2],Tuyen Quang,Passenger kilometres,651.7
2012,Normal value,Millions,Not Available,Annual,National,Passenger volume (passenger kilometres) [9.1.2],Tuyen Quang,Passenger kilometres,669.8
2013,Normal value,Millions,Not Available,Annual,National,Passenger volume (passenger kilometres) [9.1.2],Tuyen Quang,Passenger kilometres,636.1
2014,Normal value,Millions,Not Available,Annual,National,Passenger volume (passenger kilometres) [9.1.2],Tuyen Quang,Passenger kilometres,662.3
2015,Normal value,Millions,Not Available,Annual,National,Passenger volume (passenger kilometres) [9.1.2],Tuyen Quang,Passenger kilometres,719.3
2016,Normal value,Millions,Not Available,Annual,National,Passenger volume (passenger kilometres) [9.1.2],Tuyen Quang,Passenger kilometres,729.4
2017,Normal value,Millions,Not Available,Annual,National,Passenger volume (passenger kilometres) [9.1.2],Tuyen Quang,Passenger kilometres,767.8
2018,Normal value,Millions,Not Available,Annual,National,Passenger volume (passenger kilometres) [9.1.2],Tuyen Quang,Passenger kilometres,846.7
2010,Normal value,Millions,Not Available,Annual,National,Passenger volume (passenger kilometres) [9.1.2],Lao Cai,Passenger kilometres,148.0
2011,Normal value,Millions,Not Available,Annual,National,Passenger volume (passenger kilometres) [9.1.2],Lao Cai,Passenger kilometres,140.4
2012,Normal value,Millions,Not Available,Annual,National,Passenger volume (passenger kilometres) [9.1.2],Lao Cai,Passenger kilometres,143.7
2013,Normal value,Millions,Not Available,Annual,National,Passenger volume (passenger kilometres) [9.1.2],Lao Cai,Passenger kilometres,154.2
2014,Normal value,Millions,Not Available,Annual,National,Passenger volume (passenger kilometres) [9.1.2],Lao Cai,Passenger kilometres,166.7
2015,Normal value,Millions,Not Available,Annual,National,Passenger volume (passenger kilometres) [9.1.2],Lao Cai,Passenger kilometres,192.5
2016,Normal value,Millions,Not Available,Annual,National,Passenger volume (passenger kilometres) [9.1.2],Lao Cai,Passenger kilometres,221.7
2017,Normal value,Millions,Not Available,Annual,National,Passenger volume (passenger kilometres) [9.1.2],Lao Cai,Passenger kilometres,246.5
2018,Normal value,Millions,Not Available,Annual,National,Passenger volume (passenger kilometres) [9.1.2],Lao Cai,Passenger kilometres,334.0
2010,Normal value,Millions,Not Available,Annual,National,Passenger volume (passenger kilometres) [9.1.2],Yen Bai,Passenger kilometres,308.0
2011,Normal value,Millions,Not Available,Annual,National,Passenger volume (passenger kilometres) [9.1.2],Yen Bai,Passenger kilometres,304.5
2012,Normal value,Millions,Not Available,Annual,National,Passenger volume (passenger kilometres) [9.1.2],Yen Bai,Passenger kilometres,333.6
2013,Normal value,Millions,Not Available,Annual,National,Passenger volume (passenger kilometres) [9.1.2],Yen Bai,Passenger kilometres,356.1
2014,Normal value,Millions,Not Available,Annual,National,Passenger volume (passenger kilometres) [9.1.2],Yen Bai,Passenger kilometres,366.2
2015,Normal value,Millions,Not Available,Annual,National,Passenger volume (passenger kilometres) [9.1.2],Yen Bai,Passenger kilometres,384.4
2016,Normal value,Millions,Not Available,Annual,National,Passenger volume (passenger kilometres) [9.1.2],Yen Bai,Passenger kilometres,399.8
2017,Normal value,Millions,Not Available,Annual,National,Passenger volume (passenger kilometres) [9.1.2],Yen Bai,Passenger kilometres,422.2
2018,Normal value,Millions,Not Available,Annual,National,Passenger volume (passenger kilometres) [9.1.2],Yen Bai,Passenger kilometres,446.0
2010,Normal value,Millions,Not Available,Annual,National,Passenger volume (passenger kilometres) [9.1.2],Thai  Nguyen,Passenger kilometres,468.4
2011,Normal value,Millions,Not Available,Annual,National,Passenger volume (passenger kilometres) [9.1.2],Thai  Nguyen,Passenger kilometres,523.9
2012,Normal value,Millions,Not Available,Annual,National,Passenger volume (passenger kilometres) [9.1.2],Thai  Nguyen,Passenger kilometres,573.2
2013,Normal value,Millions,Not Available,Annual,National,Passenger volume (passenger kilometres) [9.1.2],Thai  Nguyen,Passenger kilometres,609.8
2014,Normal value,Millions,Not Available,Annual,National,Passenger volume (passenger kilometres) [9.1.2],Thai  Nguyen,Passenger kilometres,653.0
2015,Normal value,Millions,Not Available,Annual,National,Passenger volume (passenger kilometres) [9.1.2],Thai  Nguyen,Passenger kilometres,689.6
2016,Normal value,Millions,Not Available,Annual,National,Passenger volume (passenger kilometres) [9.1.2],Thai  Nguyen,Passenger kilometres,741.6
2017,Normal value,Millions,Not Available,Annual,National,Passenger volume (passenger kilometres) [9.1.2],Thai  Nguyen,Passenger kilometres,797.9
2018,Normal value,Millions,Not Available,Annual,National,Passenger volume (passenger kilometres) [9.1.2],Thai  Nguyen,Passenger kilometres,860.1
2010,Normal value,Millions,Not Available,Annual,National,Passenger volume (passenger kilometres) [9.1.2],Lang Son,Passenger kilometres,322.3
2011,Normal value,Millions,Not Available,Annual,National,Passenger volume (passenger kilometres) [9.1.2],Lang Son,Passenger kilometres,355.4
2012,Normal value,Millions,Not Available,Annual,National,Passenger volume (passenger kilometres) [9.1.2],Lang Son,Passenger kilometres,383.7
2013,Normal value,Millions,Not Available,Annual,National,Passenger volume (passenger kilometres) [9.1.2],Lang Son,Passenger kilometres,410.0
2014,Normal value,Millions,Not Available,Annual,National,Passenger volume (passenger kilometres) [9.1.2],Lang Son,Passenger kilometres,422.1
2015,Normal value,Millions,Not Available,Annual,National,Passenger volume (passenger kilometres) [9.1.2],Lang Son,Passenger kilometres,437.7
2016,Normal value,Millions,Not Available,Annual,National,Passenger volume (passenger kilometres) [9.1.2],Lang Son,Passenger kilometres,453.0
2017,Normal value,Millions,Not Available,Annual,National,Passenger volume (passenger kilometres) [9.1.2],Lang Son,Passenger kilometres,499.2
2018,Normal value,Millions,Not Available,Annual,National,Passenger volume (passenger kilometres) [9.1.2],Lang Son,Passenger kilometres,569.2
2010,Normal value,Millions,Not Available,Annual,National,Passenger volume (passenger kilometres) [9.1.2],Bac Giang,Passenger kilometres,977.5
2011,Normal value,Millions,Not Available,Annual,National,Passenger volume (passenger kilometres) [9.1.2],Bac Giang,Passenger kilometres,977.8
2012,Normal value,Millions,Not Available,Annual,National,Passenger volume (passenger kilometres) [9.1.2],Bac Giang,Passenger kilometres,1082.0
2013,Normal value,Millions,Not Available,Annual,National,Passenger volume (passenger kilometres) [9.1.2],Bac Giang,Passenger kilometres,1164.4
2014,Normal value,Millions,Not Available,Annual,National,Passenger volume (passenger kilometres) [9.1.2],Bac Giang,Passenger kilometres,1225.2
2015,Normal value,Millions,Not Available,Annual,National,Passenger volume (passenger kilometres) [9.1.2],Bac Giang,Passenger kilometres,1263.4
2016,Normal value,Millions,Not Available,Annual,National,Passenger volume (passenger kilometres) [9.1.2],Bac Giang,Passenger kilometres,1364.1
2017,Normal value,Millions,Not Available,Annual,National,Passenger volume (passenger kilometres) [9.1.2],Bac Giang,Passenger kilometres,1477.2
2018,Normal value,Millions,Not Available,Annual,National,Passenger volume (passenger kilometres) [9.1.2],Bac Giang,Passenger kilometres,1596.4
2010,Normal value,Millions,Not Available,Annual,National,Passenger volume (passenger kilometres) [9.1.2],Phu Tho,Passenger kilometres,616.1
2011,Normal value,Millions,Not Available,Annual,National,Passenger volume (passenger kilometres) [9.1.2],Phu Tho,Passenger kilometres,557.1
2012,Normal value,Millions,Not Available,Annual,National,Passenger volume (passenger kilometres) [9.1.2],Phu Tho,Passenger kilometres,608.0
2013,Normal value,Millions,Not Available,Annual,National,Passenger volume (passenger kilometres) [9.1.2],Phu Tho,Passenger kilometres,618.6
2014,Normal value,Millions,Not Available,Annual,National,Passenger volume (passenger kilometres) [9.1.2],Phu Tho,Passenger kilometres,643.9
2015,Normal value,Millions,Not Available,Annual,National,Passenger volume (passenger kilometres) [9.1.2],Phu Tho,Passenger kilometres,708.3
2016,Normal value,Millions,Not Available,Annual,National,Passenger volume (passenger kilometres) [9.1.2],Phu Tho,Passenger kilometres,790.5
2017,Normal value,Millions,Not Available,Annual,National,Passenger volume (passenger kilometres) [9.1.2],Phu Tho,Passenger kilometres,853.7
2018,Normal value,Millions,Not Available,Annual,National,Passenger volume (passenger kilometres) [9.1.2],Phu Tho,Passenger kilometres,817.6
2010,Normal value,Millions,Not Available,Annual,National,Passenger volume (passenger kilometres) [9.1.2],Dien Bien,Passenger kilometres,157.9
2011,Normal value,Millions,Not Available,Annual,National,Passenger volume (passenger kilometres) [9.1.2],Dien Bien,Passenger kilometres,142.9
2012,Normal value,Millions,Not Available,Annual,National,Passenger volume (passenger kilometres) [9.1.2],Dien Bien,Passenger kilometres,156.5
2013,Normal value,Millions,Not Available,Annual,National,Passenger volume (passenger kilometres) [9.1.2],Dien Bien,Passenger kilometres,168.7
2014,Normal value,Millions,Not Available,Annual,National,Passenger volume (passenger kilometres) [9.1.2],Dien Bien,Passenger kilometres,183.6
2015,Normal value,Millions,Not Available,Annual,National,Passenger volume (passenger kilometres) [9.1.2],Dien Bien,Passenger kilometres,194.5
2016,Normal value,Millions,Not Available,Annual,National,Passenger volume (passenger kilometres) [9.1.2],Dien Bien,Passenger kilometres,209.9
2017,Normal value,Millions,Not Available,Annual,National,Passenger volume (passenger kilometres) [9.1.2],Dien Bien,Passenger kilometres,234.7
2018,Normal value,Millions,Not Available,Annual,National,Passenger volume (passenger kilometres) [9.1.2],Dien Bien,Passenger kilometres,278.2
2010,Normal value,Millions,Not Available,Annual,National,Passenger volume (passenger kilometres) [9.1.2],Lai Chau,Passenger kilometres,22.3
2011,Normal value,Millions,Not Available,Annual,National,Passenger volume (passenger kilometres) [9.1.2],Lai Chau,Passenger kilometres,22.4
2012,Normal value,Millions,Not Available,Annual,National,Passenger volume (passenger kilometres) [9.1.2],Lai Chau,Passenger kilometres,22.9
2013,Normal value,Millions,Not Available,Annual,National,Passenger volume (passenger kilometres) [9.1.2],Lai Chau,Passenger kilometres,24.3
2014,Normal value,Millions,Not Available,Annual,National,Passenger volume (passenger kilometres) [9.1.2],Lai Chau,Passenger kilometres,24.6
2015,Normal value,Millions,Not Available,Annual,National,Passenger volume (passenger kilometres) [9.1.2],Lai Chau,Passenger kilometres,25.5
2016,Normal value,Millions,Not Available,Annual,National,Passenger volume (passenger kilometres) [9.1.2],Lai Chau,Passenger kilometres,25.9
2017,Normal value,Millions,Not Available,Annual,National,Passenger volume (passenger kilometres) [9.1.2],Lai Chau,Passenger kilometres,26.8
2018,Normal value,Millions,Not Available,Annual,National,Passenger volume (passenger kilometres) [9.1.2],Lai Chau,Passenger kilometres,34.3
2010,Normal value,Millions,Not Available,Annual,National,Passenger volume (passenger kilometres) [9.1.2],Son La,Passenger kilometres,279.3
2011,Normal value,Millions,Not Available,Annual,National,Passenger volume (passenger kilometres) [9.1.2],Son La,Passenger kilometres,251.0
2012,Normal value,Millions,Not Available,Annual,National,Passenger volume (passenger kilometres) [9.1.2],Son La,Passenger kilometres,272.4
2013,Normal value,Millions,Not Available,Annual,National,Passenger volume (passenger kilometres) [9.1.2],Son La,Passenger kilometres,286.4
2014,Normal value,Millions,Not Available,Annual,National,Passenger volume (passenger kilometres) [9.1.2],Son La,Passenger kilometres,289.6
2015,Normal value,Millions,Not Available,Annual,National,Passenger volume (passenger kilometres) [9.1.2],Son La,Passenger kilometres,306.0
2016,Normal value,Millions,Not Available,Annual,National,Passenger volume (passenger kilometres) [9.1.2],Son La,Passenger kilometres,317.0
2017,Normal value,Millions,Not Available,Annual,National,Passenger volume (passenger kilometres) [9.1.2],Son La,Passenger kilometres,340.0
2018,Normal value,Millions,Not Available,Annual,National,Passenger volume (passenger kilometres) [9.1.2],Son La,Passenger kilometres,374.8
2010,Normal value,Millions,Not Available,Annual,National,Passenger volume (passenger kilometres) [9.1.2],Hoa Binh,Passenger kilometres,283.0
2011,Normal value,Millions,Not Available,Annual,National,Passenger volume (passenger kilometres) [9.1.2],Hoa Binh,Passenger kilometres,281.9
2012,Normal value,Millions,Not Available,Annual,National,Passenger volume (passenger kilometres) [9.1.2],Hoa Binh,Passenger kilometres,301.3
2013,Normal value,Millions,Not Available,Annual,National,Passenger volume (passenger kilometres) [9.1.2],Hoa Binh,Passenger kilometres,304.8
2014,Normal value,Millions,Not Available,Annual,National,Passenger volume (passenger kilometres) [9.1.2],Hoa Binh,Passenger kilometres,312.9
2015,Normal value,Millions,Not Available,Annual,National,Passenger volume (passenger kilometres) [9.1.2],Hoa Binh,Passenger kilometres,337.4
2016,Normal value,Millions,Not Available,Annual,National,Passenger volume (passenger kilometres) [9.1.2],Hoa Binh,Passenger kilometres,380.4
2017,Normal value,Millions,Not Available,Annual,National,Passenger volume (passenger kilometres) [9.1.2],Hoa Binh,Passenger kilometres,403.0
2018,Normal value,Millions,Not Available,Annual,National,Passenger volume (passenger kilometres) [9.1.2],Hoa Binh,Passenger kilometres,427.5
2010,Normal value,Millions,Not Available,Annual,National,Passenger volume (passenger kilometres) [9.1.2],Thanh Hoa,Passenger kilometres,858.2
2011,Normal value,Millions,Not Available,Annual,National,Passenger volume (passenger kilometres) [9.1.2],Thanh Hoa,Passenger kilometres,963.1
2012,Normal value,Millions,Not Available,Annual,National,Passenger volume (passenger kilometres) [9.1.2],Thanh Hoa,Passenger kilometres,1094.2
2013,Normal value,Millions,Not Available,Annual,National,Passenger volume (passenger kilometres) [9.1.2],Thanh Hoa,Passenger kilometres,1190.0
2014,Normal value,Millions,Not Available,Annual,National,Passenger volume (passenger kilometres) [9.1.2],Thanh Hoa,Passenger kilometres,1268.8
2015,Normal value,Millions,Not Available,Annual,National,Passenger volume (passenger kilometres) [9.1.2],Thanh Hoa,Passenger kilometres,1546.4
2016,Normal value,Millions,Not Available,Annual,National,Passenger volume (passenger kilometres) [9.1.2],Thanh Hoa,Passenger kilometres,1690.1
2017,Normal value,Millions,Not Available,Annual,National,Passenger volume (passenger kilometres) [9.1.2],Thanh Hoa,Passenger kilometres,1882.7
2018,Normal value,Millions,Not Available,Annual,National,Passenger volume (passenger kilometres) [9.1.2],Thanh Hoa,Passenger kilometres,1919.3
2010,Normal value,Millions,Not Available,Annual,National,Passenger volume (passenger kilometres) [9.1.2],Nghe An,Passenger kilometres,2837.0
2011,Normal value,Millions,Not Available,Annual,National,Passenger volume (passenger kilometres) [9.1.2],Nghe An,Passenger kilometres,3341.5
2012,Normal value,Millions,Not Available,Annual,National,Passenger volume (passenger kilometres) [9.1.2],Nghe An,Passenger kilometres,3702.1
2013,Normal value,Millions,Not Available,Annual,National,Passenger volume (passenger kilometres) [9.1.2],Nghe An,Passenger kilometres,4002.6
2014,Normal value,Millions,Not Available,Annual,National,Passenger volume (passenger kilometres) [9.1.2],Nghe An,Passenger kilometres,4350.3
2015,Normal value,Millions,Not Available,Annual,National,Passenger volume (passenger kilometres) [9.1.2],Nghe An,Passenger kilometres,4970.1
2016,Normal value,Millions,Not Available,Annual,National,Passenger volume (passenger kilometres) [9.1.2],Nghe An,Passenger kilometres,5439.5
2017,Normal value,Millions,Not Available,Annual,National,Passenger volume (passenger kilometres) [9.1.2],Nghe An,Passenger kilometres,6054.0
2018,Normal value,Millions,Not Available,Annual,National,Passenger volume (passenger kilometres) [9.1.2],Nghe An,Passenger kilometres,5890.7
2010,Normal value,Millions,Not Available,Annual,National,Passenger volume (passenger kilometres) [9.1.2],Ha Tinh,Passenger kilometres,1516.0
2011,Normal value,Millions,Not Available,Annual,National,Passenger volume (passenger kilometres) [9.1.2],Ha Tinh,Passenger kilometres,1773.0
2012,Normal value,Millions,Not Available,Annual,National,Passenger volume (passenger kilometres) [9.1.2],Ha Tinh,Passenger kilometres,1898.6
2013,Normal value,Millions,Not Available,Annual,National,Passenger volume (passenger kilometres) [9.1.2],Ha Tinh,Passenger kilometres,1973.3
2014,Normal value,Millions,Not Available,Annual,National,Passenger volume (passenger kilometres) [9.1.2],Ha Tinh,Passenger kilometres,2113.1
2015,Normal value,Millions,Not Available,Annual,National,Passenger volume (passenger kilometres) [9.1.2],Ha Tinh,Passenger kilometres,2501.7
2016,Normal value,Millions,Not Available,Annual,National,Passenger volume (passenger kilometres) [9.1.2],Ha Tinh,Passenger kilometres,2704.3
2017,Normal value,Millions,Not Available,Annual,National,Passenger volume (passenger kilometres) [9.1.2],Ha Tinh,Passenger kilometres,2872.0
2018,Normal value,Millions,Not Available,Annual,National,Passenger volume (passenger kilometres) [9.1.2],Ha Tinh,Passenger kilometres,2985.1
2010,Normal value,Millions,Not Available,Annual,National,Passenger volume (passenger kilometres) [9.1.2],Quang Binh,Passenger kilometres,473.4
2011,Normal value,Millions,Not Available,Annual,National,Passenger volume (passenger kilometres) [9.1.2],Quang Binh,Passenger kilometres,566.8
2012,Normal value,Millions,Not Available,Annual,National,Passenger volume (passenger kilometres) [9.1.2],Quang Binh,Passenger kilometres,608.5
2013,Normal value,Millions,Not Available,Annual,National,Passenger volume (passenger kilometres) [9.1.2],Quang Binh,Passenger kilometres,634.5
2014,Normal value,Millions,Not Available,Annual,National,Passenger volume (passenger kilometres) [9.1.2],Quang Binh,Passenger kilometres,661.3
2015,Normal value,Millions,Not Available,Annual,National,Passenger volume (passenger kilometres) [9.1.2],Quang Binh,Passenger kilometres,706.4
2016,Normal value,Millions,Not Available,Annual,National,Passenger volume (passenger kilometres) [9.1.2],Quang Binh,Passenger kilometres,753.6
2017,Normal value,Millions,Not Available,Annual,National,Passenger volume (passenger kilometres) [9.1.2],Quang Binh,Passenger kilometres,821.7
2018,Normal value,Millions,Not Available,Annual,National,Passenger volume (passenger kilometres) [9.1.2],Quang Binh,Passenger kilometres,897.2
2010,Normal value,Millions,Not Available,Annual,National,Passenger volume (passenger kilometres) [9.1.2],Quang Tri,Passenger kilometres,627.4
2011,Normal value,Millions,Not Available,Annual,National,Passenger volume (passenger kilometres) [9.1.2],Quang Tri,Passenger kilometres,568.2
2012,Normal value,Millions,Not Available,Annual,National,Passenger volume (passenger kilometres) [9.1.2],Quang Tri,Passenger kilometres,591.7
2013,Normal value,Millions,Not Available,Annual,National,Passenger volume (passenger kilometres) [9.1.2],Quang Tri,Passenger kilometres,590.4
2014,Normal value,Millions,Not Available,Annual,National,Passenger volume (passenger kilometres) [9.1.2],Quang Tri,Passenger kilometres,522.1
2015,Normal value,Millions,Not Available,Annual,National,Passenger volume (passenger kilometres) [9.1.2],Quang Tri,Passenger kilometres,533.9
2016,Normal value,Millions,Not Available,Annual,National,Passenger volume (passenger kilometres) [9.1.2],Quang Tri,Passenger kilometres,572.5
2017,Normal value,Millions,Not Available,Annual,National,Passenger volume (passenger kilometres) [9.1.2],Quang Tri,Passenger kilometres,603.4
2018,Normal value,Millions,Not Available,Annual,National,Passenger volume (passenger kilometres) [9.1.2],Quang Tri,Passenger kilometres,656.9
2010,Normal value,Millions,Not Available,Annual,National,Passenger volume (passenger kilometres) [9.1.2],Thua Thien-Hue,Passenger kilometres,746.8
2011,Normal value,Millions,Not Available,Annual,National,Passenger volume (passenger kilometres) [9.1.2],Thua Thien-Hue,Passenger kilometres,732.5
2012,Normal value,Millions,Not Available,Annual,National,Passenger volume (passenger kilometres) [9.1.2],Thua Thien-Hue,Passenger kilometres,792.3
2013,Normal value,Millions,Not Available,Annual,National,Passenger volume (passenger kilometres) [9.1.2],Thua Thien-Hue,Passenger kilometres,853.0
2014,Normal value,Millions,Not Available,Annual,National,Passenger volume (passenger kilometres) [9.1.2],Thua Thien-Hue,Passenger kilometres,839.5
2015,Normal value,Millions,Not Available,Annual,National,Passenger volume (passenger kilometres) [9.1.2],Thua Thien-Hue,Passenger kilometres,849.6
2016,Normal value,Millions,Not Available,Annual,National,Passenger volume (passenger kilometres) [9.1.2],Thua Thien-Hue,Passenger kilometres,923.6
2017,Normal value,Millions,Not Available,Annual,National,Passenger volume (passenger kilometres) [9.1.2],Thua Thien-Hue,Passenger kilometres,984.4
2018,Normal value,Millions,Not Available,Annual,National,Passenger volume (passenger kilometres) [9.1.2],Thua Thien-Hue,Passenger kilometres,1112.5
2010,Normal value,Millions,Not Available,Annual,National,Passenger volume (passenger kilometres) [9.1.2],Da Nang,Passenger kilometres,1097.0
2011,Normal value,Millions,Not Available,Annual,National,Passenger volume (passenger kilometres) [9.1.2],Da Nang,Passenger kilometres,1209.3
2012,Normal value,Millions,Not Available,Annual,National,Passenger volume (passenger kilometres) [9.1.2],Da Nang,Passenger kilometres,1324.9
2013,Normal value,Millions,Not Available,Annual,National,Passenger volume (passenger kilometres) [9.1.2],Da Nang,Passenger kilometres,1455.0
2014,Normal value,Millions,Not Available,Annual,National,Passenger volume (passenger kilometres) [9.1.2],Da Nang,Passenger kilometres,1520.9
2015,Normal value,Millions,Not Available,Annual,National,Passenger volume (passenger kilometres) [9.1.2],Da Nang,Passenger kilometres,1309.8
2016,Normal value,Millions,Not Available,Annual,National,Passenger volume (passenger kilometres) [9.1.2],Da Nang,Passenger kilometres,1443.8
2017,Normal value,Millions,Not Available,Annual,National,Passenger volume (passenger kilometres) [9.1.2],Da Nang,Passenger kilometres,1521.7
2018,Normal value,Millions,Not Available,Annual,National,Passenger volume (passenger kilometres) [9.1.2],Da Nang,Passenger kilometres,1154.4
2010,Normal value,Millions,Not Available,Annual,National,Passenger volume (passenger kilometres) [9.1.2],Quang  Nam,Passenger kilometres,637.1
2011,Normal value,Millions,Not Available,Annual,National,Passenger volume (passenger kilometres) [9.1.2],Quang  Nam,Passenger kilometres,655.2
2012,Normal value,Millions,Not Available,Annual,National,Passenger volume (passenger kilometres) [9.1.2],Quang  Nam,Passenger kilometres,678.8
2013,Normal value,Millions,Not Available,Annual,National,Passenger volume (passenger kilometres) [9.1.2],Quang  Nam,Passenger kilometres,701.2
2014,Normal value,Millions,Not Available,Annual,National,Passenger volume (passenger kilometres) [9.1.2],Quang  Nam,Passenger kilometres,735.1
2015,Normal value,Millions,Not Available,Annual,National,Passenger volume (passenger kilometres) [9.1.2],Quang  Nam,Passenger kilometres,788.3
2016,Normal value,Millions,Not Available,Annual,National,Passenger volume (passenger kilometres) [9.1.2],Quang  Nam,Passenger kilometres,870.1
2017,Normal value,Millions,Not Available,Annual,National,Passenger volume (passenger kilometres) [9.1.2],Quang  Nam,Passenger kilometres,941.1
2018,Normal value,Millions,Not Available,Annual,National,Passenger volume (passenger kilometres) [9.1.2],Quang  Nam,Passenger kilometres,697.8
2010,Normal value,Millions,Not Available,Annual,National,Passenger volume (passenger kilometres) [9.1.2],Quang  Ngai,Passenger kilometres,537.7
2011,Normal value,Millions,Not Available,Annual,National,Passenger volume (passenger kilometres) [9.1.2],Quang  Ngai,Passenger kilometres,652.9
2012,Normal value,Millions,Not Available,Annual,National,Passenger volume (passenger kilometres) [9.1.2],Quang  Ngai,Passenger kilometres,699.0
2013,Normal value,Millions,Not Available,Annual,National,Passenger volume (passenger kilometres) [9.1.2],Quang  Ngai,Passenger kilometres,739.4
2014,Normal value,Millions,Not Available,Annual,National,Passenger volume (passenger kilometres) [9.1.2],Quang  Ngai,Passenger kilometres,764.8
2015,Normal value,Millions,Not Available,Annual,National,Passenger volume (passenger kilometres) [9.1.2],Quang  Ngai,Passenger kilometres,856.1
2016,Normal value,Millions,Not Available,Annual,National,Passenger volume (passenger kilometres) [9.1.2],Quang  Ngai,Passenger kilometres,915.4
2017,Normal value,Millions,Not Available,Annual,National,Passenger volume (passenger kilometres) [9.1.2],Quang  Ngai,Passenger kilometres,1018.3
2018,Normal value,Millions,Not Available,Annual,National,Passenger volume (passenger kilometres) [9.1.2],Quang  Ngai,Passenger kilometres,1152.5
2010,Normal value,Millions,Not Available,Annual,National,Passenger volume (passenger kilometres) [9.1.2],Binh Dinh,Passenger kilometres,1365.3
2011,Normal value,Millions,Not Available,Annual,National,Passenger volume (passenger kilometres) [9.1.2],Binh Dinh,Passenger kilometres,2105.8
2012,Normal value,Millions,Not Available,Annual,National,Passenger volume (passenger kilometres) [9.1.2],Binh Dinh,Passenger kilometres,2261.4
2013,Normal value,Millions,Not Available,Annual,National,Passenger volume (passenger kilometres) [9.1.2],Binh Dinh,Passenger kilometres,2460.1
2014,Normal value,Millions,Not Available,Annual,National,Passenger volume (passenger kilometres) [9.1.2],Binh Dinh,Passenger kilometres,2624.8
2015,Normal value,Millions,Not Available,Annual,National,Passenger volume (passenger kilometres) [9.1.2],Binh Dinh,Passenger kilometres,2794.5
2016,Normal value,Millions,Not Available,Annual,National,Passenger volume (passenger kilometres) [9.1.2],Binh Dinh,Passenger kilometres,2999.5
2017,Normal value,Millions,Not Available,Annual,National,Passenger volume (passenger kilometres) [9.1.2],Binh Dinh,Passenger kilometres,3200.5
2018,Normal value,Millions,Not Available,Annual,National,Passenger volume (passenger kilometres) [9.1.2],Binh Dinh,Passenger kilometres,3922.3
2010,Normal value,Millions,Not Available,Annual,National,Passenger volume (passenger kilometres) [9.1.2],Phu Yen,Passenger kilometres,563.9
2011,Normal value,Millions,Not Available,Annual,National,Passenger volume (passenger kilometres) [9.1.2],Phu Yen,Passenger kilometres,579.7
2012,Normal value,Millions,Not Available,Annual,National,Passenger volume (passenger kilometres) [9.1.2],Phu Yen,Passenger kilometres,637.7
2013,Normal value,Millions,Not Available,Annual,National,Passenger volume (passenger kilometres) [9.1.2],Phu Yen,Passenger kilometres,681.1
2014,Normal value,Millions,Not Available,Annual,National,Passenger volume (passenger kilometres) [9.1.2],Phu Yen,Passenger kilometres,722.4
2015,Normal value,Millions,Not Available,Annual,National,Passenger volume (passenger kilometres) [9.1.2],Phu Yen,Passenger kilometres,766.3
2016,Normal value,Millions,Not Available,Annual,National,Passenger volume (passenger kilometres) [9.1.2],Phu Yen,Passenger kilometres,840.6
2017,Normal value,Millions,Not Available,Annual,National,Passenger volume (passenger kilometres) [9.1.2],Phu Yen,Passenger kilometres,923.8
2018,Normal value,Millions,Not Available,Annual,National,Passenger volume (passenger kilometres) [9.1.2],Phu Yen,Passenger kilometres,1130.5
2010,Normal value,Millions,Not Available,Annual,National,Passenger volume (passenger kilometres) [9.1.2],Khanh  Hoa,Passenger kilometres,928.0
2011,Normal value,Millions,Not Available,Annual,National,Passenger volume (passenger kilometres) [9.1.2],Khanh  Hoa,Passenger kilometres,968.0
2012,Normal value,Millions,Not Available,Annual,National,Passenger volume (passenger kilometres) [9.1.2],Khanh  Hoa,Passenger kilometres,1083.7
2013,Normal value,Millions,Not Available,Annual,National,Passenger volume (passenger kilometres) [9.1.2],Khanh  Hoa,Passenger kilometres,1187.7
2014,Normal value,Millions,Not Available,Annual,National,Passenger volume (passenger kilometres) [9.1.2],Khanh  Hoa,Passenger kilometres,1300.8
2015,Normal value,Millions,Not Available,Annual,National,Passenger volume (passenger kilometres) [9.1.2],Khanh  Hoa,Passenger kilometres,1477.7
2016,Normal value,Millions,Not Available,Annual,National,Passenger volume (passenger kilometres) [9.1.2],Khanh  Hoa,Passenger kilometres,1628.6
2017,Normal value,Millions,Not Available,Annual,National,Passenger volume (passenger kilometres) [9.1.2],Khanh  Hoa,Passenger kilometres,1808.0
2018,Normal value,Millions,Not Available,Annual,National,Passenger volume (passenger kilometres) [9.1.2],Khanh  Hoa,Passenger kilometres,2119.3
2010,Normal value,Millions,Not Available,Annual,National,Passenger volume (passenger kilometres) [9.1.2],Ninh  Thuan,Passenger kilometres,340.4
2011,Normal value,Millions,Not Available,Annual,National,Passenger volume (passenger kilometres) [9.1.2],Ninh  Thuan,Passenger kilometres,301.7
2012,Normal value,Millions,Not Available,Annual,National,Passenger volume (passenger kilometres) [9.1.2],Ninh  Thuan,Passenger kilometres,311.6
2013,Normal value,Millions,Not Available,Annual,National,Passenger volume (passenger kilometres) [9.1.2],Ninh  Thuan,Passenger kilometres,331.5
2014,Normal value,Millions,Not Available,Annual,National,Passenger volume (passenger kilometres) [9.1.2],Ninh  Thuan,Passenger kilometres,345.2
2015,Normal value,Millions,Not Available,Annual,National,Passenger volume (passenger kilometres) [9.1.2],Ninh  Thuan,Passenger kilometres,377.3
2016,Normal value,Millions,Not Available,Annual,National,Passenger volume (passenger kilometres) [9.1.2],Ninh  Thuan,Passenger kilometres,411.6
2017,Normal value,Millions,Not Available,Annual,National,Passenger volume (passenger kilometres) [9.1.2],Ninh  Thuan,Passenger kilometres,443.7
2018,Normal value,Millions,Not Available,Annual,National,Passenger volume (passenger kilometres) [9.1.2],Ninh  Thuan,Passenger kilometres,460.2
2010,Normal value,Millions,Not Available,Annual,National,Passenger volume (passenger kilometres) [9.1.2],Binh Thuan,Passenger kilometres,546.2
2011,Normal value,Millions,Not Available,Annual,National,Passenger volume (passenger kilometres) [9.1.2],Binh Thuan,Passenger kilometres,568.3
2012,Normal value,Millions,Not Available,Annual,National,Passenger volume (passenger kilometres) [9.1.2],Binh Thuan,Passenger kilometres,609.1
2013,Normal value,Millions,Not Available,Annual,National,Passenger volume (passenger kilometres) [9.1.2],Binh Thuan,Passenger kilometres,646.0
2014,Normal value,Millions,Not Available,Annual,National,Passenger volume (passenger kilometres) [9.1.2],Binh Thuan,Passenger kilometres,673.1
2015,Normal value,Millions,Not Available,Annual,National,Passenger volume (passenger kilometres) [9.1.2],Binh Thuan,Passenger kilometres,746.0
2016,Normal value,Millions,Not Available,Annual,National,Passenger volume (passenger kilometres) [9.1.2],Binh Thuan,Passenger kilometres,812.4
2017,Normal value,Millions,Not Available,Annual,National,Passenger volume (passenger kilometres) [9.1.2],Binh Thuan,Passenger kilometres,895.3
2018,Normal value,Millions,Not Available,Annual,National,Passenger volume (passenger kilometres) [9.1.2],Binh Thuan,Passenger kilometres,1054.2
2010,Normal value,Millions,Not Available,Annual,National,Passenger volume (passenger kilometres) [9.1.2],Kon Tum,Passenger kilometres,193.9
2011,Normal value,Millions,Not Available,Annual,National,Passenger volume (passenger kilometres) [9.1.2],Kon Tum,Passenger kilometres,201.5
2012,Normal value,Millions,Not Available,Annual,National,Passenger volume (passenger kilometres) [9.1.2],Kon Tum,Passenger kilometres,209.5
2013,Normal value,Millions,Not Available,Annual,National,Passenger volume (passenger kilometres) [9.1.2],Kon Tum,Passenger kilometres,222.6
2014,Normal value,Millions,Not Available,Annual,National,Passenger volume (passenger kilometres) [9.1.2],Kon Tum,Passenger kilometres,239.9
2015,Normal value,Millions,Not Available,Annual,National,Passenger volume (passenger kilometres) [9.1.2],Kon Tum,Passenger kilometres,267.0
2016,Normal value,Millions,Not Available,Annual,National,Passenger volume (passenger kilometres) [9.1.2],Kon Tum,Passenger kilometres,290.2
2017,Normal value,Millions,Not Available,Annual,National,Passenger volume (passenger kilometres) [9.1.2],Kon Tum,Passenger kilometres,323.3
2018,Normal value,Millions,Not Available,Annual,National,Passenger volume (passenger kilometres) [9.1.2],Kon Tum,Passenger kilometres,353.3
2010,Normal value,Millions,Not Available,Annual,National,Passenger volume (passenger kilometres) [9.1.2],Gia Lai,Passenger kilometres,854.3
2011,Normal value,Millions,Not Available,Annual,National,Passenger volume (passenger kilometres) [9.1.2],Gia Lai,Passenger kilometres,875.5
2012,Normal value,Millions,Not Available,Annual,National,Passenger volume (passenger kilometres) [9.1.2],Gia Lai,Passenger kilometres,899.2
2013,Normal value,Millions,Not Available,Annual,National,Passenger volume (passenger kilometres) [9.1.2],Gia Lai,Passenger kilometres,919.5
2014,Normal value,Millions,Not Available,Annual,National,Passenger volume (passenger kilometres) [9.1.2],Gia Lai,Passenger kilometres,969.5
2015,Normal value,Millions,Not Available,Annual,National,Passenger volume (passenger kilometres) [9.1.2],Gia Lai,Passenger kilometres,1091.7
2016,Normal value,Millions,Not Available,Annual,National,Passenger volume (passenger kilometres) [9.1.2],Gia Lai,Passenger kilometres,1205.2
2017,Normal value,Millions,Not Available,Annual,National,Passenger volume (passenger kilometres) [9.1.2],Gia Lai,Passenger kilometres,1331.7
2018,Normal value,Millions,Not Available,Annual,National,Passenger volume (passenger kilometres) [9.1.2],Gia Lai,Passenger kilometres,1418.3
2010,Normal value,Millions,Not Available,Annual,National,Passenger volume (passenger kilometres) [9.1.2],Dak Lak,Passenger kilometres,1573.0
2011,Normal value,Millions,Not Available,Annual,National,Passenger volume (passenger kilometres) [9.1.2],Dak Lak,Passenger kilometres,1698.2
2012,Normal value,Millions,Not Available,Annual,National,Passenger volume (passenger kilometres) [9.1.2],Dak Lak,Passenger kilometres,1787.5
2013,Normal value,Millions,Not Available,Annual,National,Passenger volume (passenger kilometres) [9.1.2],Dak Lak,Passenger kilometres,1849.5
2014,Normal value,Millions,Not Available,Annual,National,Passenger volume (passenger kilometres) [9.1.2],Dak Lak,Passenger kilometres,1970.5
2015,Normal value,Millions,Not Available,Annual,National,Passenger volume (passenger kilometres) [9.1.2],Dak Lak,Passenger kilometres,1997.5
2016,Normal value,Millions,Not Available,Annual,National,Passenger volume (passenger kilometres) [9.1.2],Dak Lak,Passenger kilometres,2101.4
2017,Normal value,Millions,Not Available,Annual,National,Passenger volume (passenger kilometres) [9.1.2],Dak Lak,Passenger kilometres,2330.5
2018,Normal value,Millions,Not Available,Annual,National,Passenger volume (passenger kilometres) [9.1.2],Dak Lak,Passenger kilometres,2612.5
2010,Normal value,Millions,Not Available,Annual,National,Passenger volume (passenger kilometres) [9.1.2],Dak Nong,Passenger kilometres,267.9
2011,Normal value,Millions,Not Available,Annual,National,Passenger volume (passenger kilometres) [9.1.2],Dak Nong,Passenger kilometres,292.1
2012,Normal value,Millions,Not Available,Annual,National,Passenger volume (passenger kilometres) [9.1.2],Dak Nong,Passenger kilometres,305.3
2013,Normal value,Millions,Not Available,Annual,National,Passenger volume (passenger kilometres) [9.1.2],Dak Nong,Passenger kilometres,315.4
2014,Normal value,Millions,Not Available,Annual,National,Passenger volume (passenger kilometres) [9.1.2],Dak Nong,Passenger kilometres,329.5
2015,Normal value,Millions,Not Available,Annual,National,Passenger volume (passenger kilometres) [9.1.2],Dak Nong,Passenger kilometres,374.9
2016,Normal value,Millions,Not Available,Annual,National,Passenger volume (passenger kilometres) [9.1.2],Dak Nong,Passenger kilometres,391.0
2017,Normal value,Millions,Not Available,Annual,National,Passenger volume (passenger kilometres) [9.1.2],Dak Nong,Passenger kilometres,416.0
2018,Normal value,Millions,Not Available,Annual,National,Passenger volume (passenger kilometres) [9.1.2],Dak Nong,Passenger kilometres,518.8
2010,Normal value,Millions,Not Available,Annual,National,Passenger volume (passenger kilometres) [9.1.2],Lam Dong,Passenger kilometres,2102.3
2011,Normal value,Millions,Not Available,Annual,National,Passenger volume (passenger kilometres) [9.1.2],Lam Dong,Passenger kilometres,2233.9
2012,Normal value,Millions,Not Available,Annual,National,Passenger volume (passenger kilometres) [9.1.2],Lam Dong,Passenger kilometres,2412.6
2013,Normal value,Millions,Not Available,Annual,National,Passenger volume (passenger kilometres) [9.1.2],Lam Dong,Passenger kilometres,2494.1
2014,Normal value,Millions,Not Available,Annual,National,Passenger volume (passenger kilometres) [9.1.2],Lam Dong,Passenger kilometres,2457.0
2015,Normal value,Millions,Not Available,Annual,National,Passenger volume (passenger kilometres) [9.1.2],Lam Dong,Passenger kilometres,2724.8
2016,Normal value,Millions,Not Available,Annual,National,Passenger volume (passenger kilometres) [9.1.2],Lam Dong,Passenger kilometres,2931.6
2017,Normal value,Millions,Not Available,Annual,National,Passenger volume (passenger kilometres) [9.1.2],Lam Dong,Passenger kilometres,3239.4
2018,Normal value,Millions,Not Available,Annual,National,Passenger volume (passenger kilometres) [9.1.2],Lam Dong,Passenger kilometres,3587.6
2010,Normal value,Millions,Not Available,Annual,National,Passenger volume (passenger kilometres) [9.1.2],Binh Phuoc,Passenger kilometres,811.3
2011,Normal value,Millions,Not Available,Annual,National,Passenger volume (passenger kilometres) [9.1.2],Binh Phuoc,Passenger kilometres,904.5
2012,Normal value,Millions,Not Available,Annual,National,Passenger volume (passenger kilometres) [9.1.2],Binh Phuoc,Passenger kilometres,978.1
2013,Normal value,Millions,Not Available,Annual,National,Passenger volume (passenger kilometres) [9.1.2],Binh Phuoc,Passenger kilometres,1053.6
2014,Normal value,Millions,Not Available,Annual,National,Passenger volume (passenger kilometres) [9.1.2],Binh Phuoc,Passenger kilometres,1099.9
2015,Normal value,Millions,Not Available,Annual,National,Passenger volume (passenger kilometres) [9.1.2],Binh Phuoc,Passenger kilometres,1176.9
2016,Normal value,Millions,Not Available,Annual,National,Passenger volume (passenger kilometres) [9.1.2],Binh Phuoc,Passenger kilometres,1305.2
2017,Normal value,Millions,Not Available,Annual,National,Passenger volume (passenger kilometres) [9.1.2],Binh Phuoc,Passenger kilometres,1438.3
2018,Normal value,Millions,Not Available,Annual,National,Passenger volume (passenger kilometres) [9.1.2],Binh Phuoc,Passenger kilometres,1698.0
2010,Normal value,Millions,Not Available,Annual,National,Passenger volume (passenger kilometres) [9.1.2],Tay Ninh,Passenger kilometres,961.8
2011,Normal value,Millions,Not Available,Annual,National,Passenger volume (passenger kilometres) [9.1.2],Tay Ninh,Passenger kilometres,996.6
2012,Normal value,Millions,Not Available,Annual,National,Passenger volume (passenger kilometres) [9.1.2],Tay Ninh,Passenger kilometres,1067.5
2013,Normal value,Millions,Not Available,Annual,National,Passenger volume (passenger kilometres) [9.1.2],Tay Ninh,Passenger kilometres,1135.6
2014,Normal value,Millions,Not Available,Annual,National,Passenger volume (passenger kilometres) [9.1.2],Tay Ninh,Passenger kilometres,1145.4
2015,Normal value,Millions,Not Available,Annual,National,Passenger volume (passenger kilometres) [9.1.2],Tay Ninh,Passenger kilometres,1213.6
2016,Normal value,Millions,Not Available,Annual,National,Passenger volume (passenger kilometres) [9.1.2],Tay Ninh,Passenger kilometres,1280.9
2017,Normal value,Millions,Not Available,Annual,National,Passenger volume (passenger kilometres) [9.1.2],Tay Ninh,Passenger kilometres,1369.2
2018,Normal value,Millions,Not Available,Annual,National,Passenger volume (passenger kilometres) [9.1.2],Tay Ninh,Passenger kilometres,1477.5
2010,Normal value,Millions,Not Available,Annual,National,Passenger volume (passenger kilometres) [9.1.2],Binh  Duong,Passenger kilometres,1822.2
2011,Normal value,Millions,Not Available,Annual,National,Passenger volume (passenger kilometres) [9.1.2],Binh  Duong,Passenger kilometres,1959.2
2012,Normal value,Millions,Not Available,Annual,National,Passenger volume (passenger kilometres) [9.1.2],Binh  Duong,Passenger kilometres,2113.0
2013,Normal value,Millions,Not Available,Annual,National,Passenger volume (passenger kilometres) [9.1.2],Binh  Duong,Passenger kilometres,2259.9
2014,Normal value,Millions,Not Available,Annual,National,Passenger volume (passenger kilometres) [9.1.2],Binh  Duong,Passenger kilometres,2422.6
2015,Normal value,Millions,Not Available,Annual,National,Passenger volume (passenger kilometres) [9.1.2],Binh  Duong,Passenger kilometres,2686.4
2016,Normal value,Millions,Not Available,Annual,National,Passenger volume (passenger kilometres) [9.1.2],Binh  Duong,Passenger kilometres,2981.7
2017,Normal value,Millions,Not Available,Annual,National,Passenger volume (passenger kilometres) [9.1.2],Binh  Duong,Passenger kilometres,3106.8
2018,Normal value,Millions,Not Available,Annual,National,Passenger volume (passenger kilometres) [9.1.2],Binh  Duong,Passenger kilometres,3278.8
2010,Normal value,Millions,Not Available,Annual,National,Passenger volume (passenger kilometres) [9.1.2],Dong Nai,Passenger kilometres,3641.0
2011,Normal value,Millions,Not Available,Annual,National,Passenger volume (passenger kilometres) [9.1.2],Dong Nai,Passenger kilometres,4090.1
2012,Normal value,Millions,Not Available,Annual,National,Passenger volume (passenger kilometres) [9.1.2],Dong Nai,Passenger kilometres,4493.1
2013,Normal value,Millions,Not Available,Annual,National,Passenger volume (passenger kilometres) [9.1.2],Dong Nai,Passenger kilometres,4862.7
2014,Normal value,Millions,Not Available,Annual,National,Passenger volume (passenger kilometres) [9.1.2],Dong Nai,Passenger kilometres,5211.4
2015,Normal value,Millions,Not Available,Annual,National,Passenger volume (passenger kilometres) [9.1.2],Dong Nai,Passenger kilometres,5521.9
2016,Normal value,Millions,Not Available,Annual,National,Passenger volume (passenger kilometres) [9.1.2],Dong Nai,Passenger kilometres,5852.8
2017,Normal value,Millions,Not Available,Annual,National,Passenger volume (passenger kilometres) [9.1.2],Dong Nai,Passenger kilometres,6203.9
2018,Normal value,Millions,Not Available,Annual,National,Passenger volume (passenger kilometres) [9.1.2],Dong Nai,Passenger kilometres,6583.2
2010,Normal value,Millions,Not Available,Annual,National,Passenger volume (passenger kilometres) [9.1.2],Ba Ria - Vung Tau,Passenger kilometres,2163.5
2011,Normal value,Millions,Not Available,Annual,National,Passenger volume (passenger kilometres) [9.1.2],Ba Ria - Vung Tau,Passenger kilometres,2194.8
2012,Normal value,Millions,Not Available,Annual,National,Passenger volume (passenger kilometres) [9.1.2],Ba Ria - Vung Tau,Passenger kilometres,2432.1
2013,Normal value,Millions,Not Available,Annual,National,Passenger volume (passenger kilometres) [9.1.2],Ba Ria - Vung Tau,Passenger kilometres,2560.0
2014,Normal value,Millions,Not Available,Annual,National,Passenger volume (passenger kilometres) [9.1.2],Ba Ria - Vung Tau,Passenger kilometres,2522.6
2015,Normal value,Millions,Not Available,Annual,National,Passenger volume (passenger kilometres) [9.1.2],Ba Ria - Vung Tau,Passenger kilometres,2752.2
2016,Normal value,Millions,Not Available,Annual,National,Passenger volume (passenger kilometres) [9.1.2],Ba Ria - Vung Tau,Passenger kilometres,2788.1
2017,Normal value,Millions,Not Available,Annual,National,Passenger volume (passenger kilometres) [9.1.2],Ba Ria - Vung Tau,Passenger kilometres,2926.7
2018,Normal value,Millions,Not Available,Annual,National,Passenger volume (passenger kilometres) [9.1.2],Ba Ria - Vung Tau,Passenger kilometres,3287.9
2010,Normal value,Millions,Not Available,Annual,National,Passenger volume (passenger kilometres) [9.1.2],Ho Chi Minh city,Passenger kilometres,8835.5
2011,Normal value,Millions,Not Available,Annual,National,Passenger volume (passenger kilometres) [9.1.2],Ho Chi Minh city,Passenger kilometres,12143.4
2012,Normal value,Millions,Not Available,Annual,National,Passenger volume (passenger kilometres) [9.1.2],Ho Chi Minh city,Passenger kilometres,12161.1
2013,Normal value,Millions,Not Available,Annual,National,Passenger volume (passenger kilometres) [9.1.2],Ho Chi Minh city,Passenger kilometres,13387.6
2014,Normal value,Millions,Not Available,Annual,National,Passenger volume (passenger kilometres) [9.1.2],Ho Chi Minh city,Passenger kilometres,15372.6
2015,Normal value,Millions,Not Available,Annual,National,Passenger volume (passenger kilometres) [9.1.2],Ho Chi Minh city,Passenger kilometres,17193.6
2016,Normal value,Millions,Not Available,Annual,National,Passenger volume (passenger kilometres) [9.1.2],Ho Chi Minh city,Passenger kilometres,18609.0
2017,Normal value,Millions,Not Available,Annual,National,Passenger volume (passenger kilometres) [9.1.2],Ho Chi Minh city,Passenger kilometres,20417.5
2018,Normal value,Millions,Not Available,Annual,National,Passenger volume (passenger kilometres) [9.1.2],Ho Chi Minh city,Passenger kilometres,24029.8
2010,Normal value,Millions,Not Available,Annual,National,Passenger volume (passenger kilometres) [9.1.2],Long An,Passenger kilometres,1017.8
2011,Normal value,Millions,Not Available,Annual,National,Passenger volume (passenger kilometres) [9.1.2],Long An,Passenger kilometres,1110.4
2012,Normal value,Millions,Not Available,Annual,National,Passenger volume (passenger kilometres) [9.1.2],Long An,Passenger kilometres,1211.7
2013,Normal value,Millions,Not Available,Annual,National,Passenger volume (passenger kilometres) [9.1.2],Long An,Passenger kilometres,1294.0
2014,Normal value,Millions,Not Available,Annual,National,Passenger volume (passenger kilometres) [9.1.2],Long An,Passenger kilometres,1337.0
2015,Normal value,Millions,Not Available,Annual,National,Passenger volume (passenger kilometres) [9.1.2],Long An,Passenger kilometres,1409.7
2016,Normal value,Millions,Not Available,Annual,National,Passenger volume (passenger kilometres) [9.1.2],Long An,Passenger kilometres,1504.5
2017,Normal value,Millions,Not Available,Annual,National,Passenger volume (passenger kilometres) [9.1.2],Long An,Passenger kilometres,1656.0
2018,Normal value,Millions,Not Available,Annual,National,Passenger volume (passenger kilometres) [9.1.2],Long An,Passenger kilometres,1698.9
2010,Normal value,Millions,Not Available,Annual,National,Passenger volume (passenger kilometres) [9.1.2],Tien Giang,Passenger kilometres,998.3
2011,Normal value,Millions,Not Available,Annual,National,Passenger volume (passenger kilometres) [9.1.2],Tien Giang,Passenger kilometres,1053.5
2012,Normal value,Millions,Not Available,Annual,National,Passenger volume (passenger kilometres) [9.1.2],Tien Giang,Passenger kilometres,1120.4
2013,Normal value,Millions,Not Available,Annual,National,Passenger volume (passenger kilometres) [9.1.2],Tien Giang,Passenger kilometres,1231.1
2014,Normal value,Millions,Not Available,Annual,National,Passenger volume (passenger kilometres) [9.1.2],Tien Giang,Passenger kilometres,1289.9
2015,Normal value,Millions,Not Available,Annual,National,Passenger volume (passenger kilometres) [9.1.2],Tien Giang,Passenger kilometres,1500.9
2016,Normal value,Millions,Not Available,Annual,National,Passenger volume (passenger kilometres) [9.1.2],Tien Giang,Passenger kilometres,1505.9
2017,Normal value,Millions,Not Available,Annual,National,Passenger volume (passenger kilometres) [9.1.2],Tien Giang,Passenger kilometres,1593.3
2018,Normal value,Millions,Not Available,Annual,National,Passenger volume (passenger kilometres) [9.1.2],Tien Giang,Passenger kilometres,1660.4
2010,Normal value,Millions,Not Available,Annual,National,Passenger volume (passenger kilometres) [9.1.2],Ben Tre,Passenger kilometres,1109.1
2011,Normal value,Millions,Not Available,Annual,National,Passenger volume (passenger kilometres) [9.1.2],Ben Tre,Passenger kilometres,1274.1
2012,Normal value,Millions,Not Available,Annual,National,Passenger volume (passenger kilometres) [9.1.2],Ben Tre,Passenger kilometres,1348.8
2013,Normal value,Millions,Not Available,Annual,National,Passenger volume (passenger kilometres) [9.1.2],Ben Tre,Passenger kilometres,1462.5
2014,Normal value,Millions,Not Available,Annual,National,Passenger volume (passenger kilometres) [9.1.2],Ben Tre,Passenger kilometres,1439.3
2015,Normal value,Millions,Not Available,Annual,National,Passenger volume (passenger kilometres) [9.1.2],Ben Tre,Passenger kilometres,1538.7
2016,Normal value,Millions,Not Available,Annual,National,Passenger volume (passenger kilometres) [9.1.2],Ben Tre,Passenger kilometres,1655.4
2017,Normal value,Millions,Not Available,Annual,National,Passenger volume (passenger kilometres) [9.1.2],Ben Tre,Passenger kilometres,1786.6
2018,Normal value,Millions,Not Available,Annual,National,Passenger volume (passenger kilometres) [9.1.2],Ben Tre,Passenger kilometres,1964.8
2010,Normal value,Millions,Not Available,Annual,National,Passenger volume (passenger kilometres) [9.1.2],Tra Vinh,Passenger kilometres,430.8
2011,Normal value,Millions,Not Available,Annual,National,Passenger volume (passenger kilometres) [9.1.2],Tra Vinh,Passenger kilometres,352.3
2012,Normal value,Millions,Not Available,Annual,National,Passenger volume (passenger kilometres) [9.1.2],Tra Vinh,Passenger kilometres,375.7
2013,Normal value,Millions,Not Available,Annual,National,Passenger volume (passenger kilometres) [9.1.2],Tra Vinh,Passenger kilometres,393.1
2014,Normal value,Millions,Not Available,Annual,National,Passenger volume (passenger kilometres) [9.1.2],Tra Vinh,Passenger kilometres,408.8
2015,Normal value,Millions,Not Available,Annual,National,Passenger volume (passenger kilometres) [9.1.2],Tra Vinh,Passenger kilometres,440.0
2016,Normal value,Millions,Not Available,Annual,National,Passenger volume (passenger kilometres) [9.1.2],Tra Vinh,Passenger kilometres,477.4
2017,Normal value,Millions,Not Available,Annual,National,Passenger volume (passenger kilometres) [9.1.2],Tra Vinh,Passenger kilometres,516.7
2018,Normal value,Millions,Not Available,Annual,National,Passenger volume (passenger kilometres) [9.1.2],Tra Vinh,Passenger kilometres,555.7
2010,Normal value,Millions,Not Available,Annual,National,Passenger volume (passenger kilometres) [9.1.2],Vinh Long,Passenger kilometres,896.9
2011,Normal value,Millions,Not Available,Annual,National,Passenger volume (passenger kilometres) [9.1.2],Vinh Long,Passenger kilometres,846.4
2012,Normal value,Millions,Not Available,Annual,National,Passenger volume (passenger kilometres) [9.1.2],Vinh Long,Passenger kilometres,895.2
2013,Normal value,Millions,Not Available,Annual,National,Passenger volume (passenger kilometres) [9.1.2],Vinh Long,Passenger kilometres,928.4
2014,Normal value,Millions,Not Available,Annual,National,Passenger volume (passenger kilometres) [9.1.2],Vinh Long,Passenger kilometres,934.2
2015,Normal value,Millions,Not Available,Annual,National,Passenger volume (passenger kilometres) [9.1.2],Vinh Long,Passenger kilometres,871.8
2016,Normal value,Millions,Not Available,Annual,National,Passenger volume (passenger kilometres) [9.1.2],Vinh Long,Passenger kilometres,912.5
2017,Normal value,Millions,Not Available,Annual,National,Passenger volume (passenger kilometres) [9.1.2],Vinh Long,Passenger kilometres,979.1
2018,Normal value,Millions,Not Available,Annual,National,Passenger volume (passenger kilometres) [9.1.2],Vinh Long,Passenger kilometres,898.1
2010,Normal value,Millions,Not Available,Annual,National,Passenger volume (passenger kilometres) [9.1.2],Dong Thap,Passenger kilometres,719.5
2011,Normal value,Millions,Not Available,Annual,National,Passenger volume (passenger kilometres) [9.1.2],Dong Thap,Passenger kilometres,635.4
2012,Normal value,Millions,Not Available,Annual,National,Passenger volume (passenger kilometres) [9.1.2],Dong Thap,Passenger kilometres,668.2
2013,Normal value,Millions,Not Available,Annual,National,Passenger volume (passenger kilometres) [9.1.2],Dong Thap,Passenger kilometres,698.8
2014,Normal value,Millions,Not Available,Annual,National,Passenger volume (passenger kilometres) [9.1.2],Dong Thap,Passenger kilometres,729.6
2015,Normal value,Millions,Not Available,Annual,National,Passenger volume (passenger kilometres) [9.1.2],Dong Thap,Passenger kilometres,818.4
2016,Normal value,Millions,Not Available,Annual,National,Passenger volume (passenger kilometres) [9.1.2],Dong Thap,Passenger kilometres,874.8
2017,Normal value,Millions,Not Available,Annual,National,Passenger volume (passenger kilometres) [9.1.2],Dong Thap,Passenger kilometres,938.1
2018,Normal value,Millions,Not Available,Annual,National,Passenger volume (passenger kilometres) [9.1.2],Dong Thap,Passenger kilometres,1011.3
2010,Normal value,Millions,Not Available,Annual,National,Passenger volume (passenger kilometres) [9.1.2],An Giang,Passenger kilometres,2112.4
2011,Normal value,Millions,Not Available,Annual,National,Passenger volume (passenger kilometres) [9.1.2],An Giang,Passenger kilometres,2147.4
2012,Normal value,Millions,Not Available,Annual,National,Passenger volume (passenger kilometres) [9.1.2],An Giang,Passenger kilometres,2267.9
2013,Normal value,Millions,Not Available,Annual,National,Passenger volume (passenger kilometres) [9.1.2],An Giang,Passenger kilometres,2335.9
2014,Normal value,Millions,Not Available,Annual,National,Passenger volume (passenger kilometres) [9.1.2],An Giang,Passenger kilometres,2500.0
2015,Normal value,Millions,Not Available,Annual,National,Passenger volume (passenger kilometres) [9.1.2],An Giang,Passenger kilometres,2586.4
2016,Normal value,Millions,Not Available,Annual,National,Passenger volume (passenger kilometres) [9.1.2],An Giang,Passenger kilometres,2772.5
2017,Normal value,Millions,Not Available,Annual,National,Passenger volume (passenger kilometres) [9.1.2],An Giang,Passenger kilometres,2956.8
2018,Normal value,Millions,Not Available,Annual,National,Passenger volume (passenger kilometres) [9.1.2],An Giang,Passenger kilometres,3312.5
2010,Normal value,Millions,Not Available,Annual,National,Passenger volume (passenger kilometres) [9.1.2],Kien  Giang,Passenger kilometres,1810.0
2011,Normal value,Millions,Not Available,Annual,National,Passenger volume (passenger kilometres) [9.1.2],Kien  Giang,Passenger kilometres,2289.8
2012,Normal value,Millions,Not Available,Annual,National,Passenger volume (passenger kilometres) [9.1.2],Kien  Giang,Passenger kilometres,2619.0
2013,Normal value,Millions,Not Available,Annual,National,Passenger volume (passenger kilometres) [9.1.2],Kien  Giang,Passenger kilometres,2744.6
2014,Normal value,Millions,Not Available,Annual,National,Passenger volume (passenger kilometres) [9.1.2],Kien  Giang,Passenger kilometres,3021.0
2015,Normal value,Millions,Not Available,Annual,National,Passenger volume (passenger kilometres) [9.1.2],Kien  Giang,Passenger kilometres,3250.0
2016,Normal value,Millions,Not Available,Annual,National,Passenger volume (passenger kilometres) [9.1.2],Kien  Giang,Passenger kilometres,3542.2
2017,Normal value,Millions,Not Available,Annual,National,Passenger volume (passenger kilometres) [9.1.2],Kien  Giang,Passenger kilometres,3822.8
2018,Normal value,Millions,Not Available,Annual,National,Passenger volume (passenger kilometres) [9.1.2],Kien  Giang,Passenger kilometres,4101.9
2010,Normal value,Millions,Not Available,Annual,National,Passenger volume (passenger kilometres) [9.1.2],Can Tho,Passenger kilometres,4395.0
2011,Normal value,Millions,Not Available,Annual,National,Passenger volume (passenger kilometres) [9.1.2],Can Tho,Passenger kilometres,4919.0
2012,Normal value,Millions,Not Available,Annual,National,Passenger volume (passenger kilometres) [9.1.2],Can Tho,Passenger kilometres,5290.8
2013,Normal value,Millions,Not Available,Annual,National,Passenger volume (passenger kilometres) [9.1.2],Can Tho,Passenger kilometres,5701.0
2014,Normal value,Millions,Not Available,Annual,National,Passenger volume (passenger kilometres) [9.1.2],Can Tho,Passenger kilometres,5302.9
2015,Normal value,Millions,Not Available,Annual,National,Passenger volume (passenger kilometres) [9.1.2],Can Tho,Passenger kilometres,5012.5
2016,Normal value,Millions,Not Available,Annual,National,Passenger volume (passenger kilometres) [9.1.2],Can Tho,Passenger kilometres,5103.0
2017,Normal value,Millions,Not Available,Annual,National,Passenger volume (passenger kilometres) [9.1.2],Can Tho,Passenger kilometres,5381.9
2018,Normal value,Millions,Not Available,Annual,National,Passenger volume (passenger kilometres) [9.1.2],Can Tho,Passenger kilometres,5751.4
2010,Normal value,Millions,Not Available,Annual,National,Passenger volume (passenger kilometres) [9.1.2],Hau Giang,Passenger kilometres,394.0
2011,Normal value,Millions,Not Available,Annual,National,Passenger volume (passenger kilometres) [9.1.2],Hau Giang,Passenger kilometres,429.0
2012,Normal value,Millions,Not Available,Annual,National,Passenger volume (passenger kilometres) [9.1.2],Hau Giang,Passenger kilometres,464.0
2013,Normal value,Millions,Not Available,Annual,National,Passenger volume (passenger kilometres) [9.1.2],Hau Giang,Passenger kilometres,498.8
2014,Normal value,Millions,Not Available,Annual,National,Passenger volume (passenger kilometres) [9.1.2],Hau Giang,Passenger kilometres,544.5
2015,Normal value,Millions,Not Available,Annual,National,Passenger volume (passenger kilometres) [9.1.2],Hau Giang,Passenger kilometres,573.5
2016,Normal value,Millions,Not Available,Annual,National,Passenger volume (passenger kilometres) [9.1.2],Hau Giang,Passenger kilometres,607.8
2017,Normal value,Millions,Not Available,Annual,National,Passenger volume (passenger kilometres) [9.1.2],Hau Giang,Passenger kilometres,649.5
2018,Normal value,Millions,Not Available,Annual,National,Passenger volume (passenger kilometres) [9.1.2],Hau Giang,Passenger kilometres,671.5
2010,Normal value,Millions,Not Available,Annual,National,Passenger volume (passenger kilometres) [9.1.2],Soc Trang,Passenger kilometres,515.2
2011,Normal value,Millions,Not Available,Annual,National,Passenger volume (passenger kilometres) [9.1.2],Soc Trang,Passenger kilometres,522.2
2012,Normal value,Millions,Not Available,Annual,National,Passenger volume (passenger kilometres) [9.1.2],Soc Trang,Passenger kilometres,550.8
2013,Normal value,Millions,Not Available,Annual,National,Passenger volume (passenger kilometres) [9.1.2],Soc Trang,Passenger kilometres,568.6
2014,Normal value,Millions,Not Available,Annual,National,Passenger volume (passenger kilometres) [9.1.2],Soc Trang,Passenger kilometres,586.4
2015,Normal value,Millions,Not Available,Annual,National,Passenger volume (passenger kilometres) [9.1.2],Soc Trang,Passenger kilometres,610.3
2016,Normal value,Millions,Not Available,Annual,National,Passenger volume (passenger kilometres) [9.1.2],Soc Trang,Passenger kilometres,658.7
2017,Normal value,Millions,Not Available,Annual,National,Passenger volume (passenger kilometres) [9.1.2],Soc Trang,Passenger kilometres,694.3
2018,Normal value,Millions,Not Available,Annual,National,Passenger volume (passenger kilometres) [9.1.2],Soc Trang,Passenger kilometres,727.9
2010,Normal value,Millions,Not Available,Annual,National,Passenger volume (passenger kilometres) [9.1.2],Bac Lieu,Passenger kilometres,957.2
2011,Normal value,Millions,Not Available,Annual,National,Passenger volume (passenger kilometres) [9.1.2],Bac Lieu,Passenger kilometres,983.4
2012,Normal value,Millions,Not Available,Annual,National,Passenger volume (passenger kilometres) [9.1.2],Bac Lieu,Passenger kilometres,1044.6
2013,Normal value,Millions,Not Available,Annual,National,Passenger volume (passenger kilometres) [9.1.2],Bac Lieu,Passenger kilometres,1073.7
2014,Normal value,Millions,Not Available,Annual,National,Passenger volume (passenger kilometres) [9.1.2],Bac Lieu,Passenger kilometres,1120.5
2015,Normal value,Millions,Not Available,Annual,National,Passenger volume (passenger kilometres) [9.1.2],Bac Lieu,Passenger kilometres,1244.8
2016,Normal value,Millions,Not Available,Annual,National,Passenger volume (passenger kilometres) [9.1.2],Bac Lieu,Passenger kilometres,1362.7
2017,Normal value,Millions,Not Available,Annual,National,Passenger volume (passenger kilometres) [9.1.2],Bac Lieu,Passenger kilometres,1481.3
2018,Normal value,Millions,Not Available,Annual,National,Passenger volume (passenger kilometres) [9.1.2],Bac Lieu,Passenger kilometres,1605.1
2010,Normal value,Millions,Not Available,Annual,National,Passenger volume (passenger kilometres) [9.1.2],Ca Mau,Passenger kilometres,709.1
2011,Normal value,Millions,Not Available,Annual,National,Passenger volume (passenger kilometres) [9.1.2],Ca Mau,Passenger kilometres,725.0
2012,Normal value,Millions,Not Available,Annual,National,Passenger volume (passenger kilometres) [9.1.2],Ca Mau,Passenger kilometres,764.2
2013,Normal value,Millions,Not Available,Annual,National,Passenger volume (passenger kilometres) [9.1.2],Ca Mau,Passenger kilometres,788.5
2014,Normal value,Millions,Not Available,Annual,National,Passenger volume (passenger kilometres) [9.1.2],Ca Mau,Passenger kilometres,821.2
2015,Normal value,Millions,Not Available,Annual,National,Passenger volume (passenger kilometres) [9.1.2],Ca Mau,Passenger kilometres,840.8
2016,Normal value,Millions,Not Available,Annual,National,Passenger volume (passenger kilometres) [9.1.2],Ca Mau,Passenger kilometres,872.8
2017,Normal value,Millions,Not Available,Annual,National,Passenger volume (passenger kilometres) [9.1.2],Ca Mau,Passenger kilometres,921.3
2018,Normal value,Millions,Not Available,Annual,National,Passenger volume (passenger kilometres) [9.1.2],Ca Mau,Passenger kilometres,1047.6
