Year,Observation status,Unit multiplier,Nature of data points,Frequency of observation,Reporting type,SERIES,Reference area,UNIT_MEASURE,Value
2010,Normal value,Thousands,Not Available,Annual,National,Forest area (hectares) [15.1.1],Viet Nam,Hectares,13388.1
2011,Normal value,Thousands,Not Available,Annual,National,Forest area (hectares) [15.1.1],Viet Nam,Hectares,13515.1
2012,Normal value,Thousands,Not Available,Annual,National,Forest area (hectares) [15.1.1],Viet Nam,Hectares,13862.0
2013,Normal value,Thousands,Not Available,Annual,National,Forest area (hectares) [15.1.1],Viet Nam,Hectares,13954.4
2014,Normal value,Thousands,Not Available,Annual,National,Forest area (hectares) [15.1.1],Viet Nam,Hectares,13796.5
2015,Normal value,Thousands,Not Available,Annual,National,Forest area (hectares) [15.1.1],Viet Nam,Hectares,14061.9
2016,Normal value,Thousands,Not Available,Annual,National,Forest area (hectares) [15.1.1],Viet Nam,Hectares,14377.7
2018,Normal value,Thousands,Not Available,Annual,National,Forest area (hectares) [15.1.1],Viet Nam,Hectares,14491.3
2019,Normal value,Thousands,Not Available,Annual,National,Forest area (hectares) [15.1.1],Viet Nam,Hectares,14609.2
2010,Normal value,Thousands,Not Available,Annual,National,Forest area (hectares) [15.1.1],Red River Delta,Hectares,434.9
2011,Normal value,Thousands,Not Available,Annual,National,Forest area (hectares) [15.1.1],Red River Delta,Hectares,440.8
2012,Normal value,Thousands,Not Available,Annual,National,Forest area (hectares) [15.1.1],Red River Delta,Hectares,447.7
2013,Normal value,Thousands,Not Available,Annual,National,Forest area (hectares) [15.1.1],Red River Delta,Hectares,466.0
2014,Normal value,Thousands,Not Available,Annual,National,Forest area (hectares) [15.1.1],Red River Delta,Hectares,482.9
2015,Normal value,Thousands,Not Available,Annual,National,Forest area (hectares) [15.1.1],Red River Delta,Hectares,491.6
2016,Normal value,Thousands,Not Available,Annual,National,Forest area (hectares) [15.1.1],Red River Delta,Hectares,487.8
2018,Normal value,Thousands,Not Available,Annual,National,Forest area (hectares) [15.1.1],Red River Delta,Hectares,487.0
2019,Normal value,Thousands,Not Available,Annual,National,Forest area (hectares) [15.1.1],Red River Delta,Hectares,486.9
2010,Normal value,Thousands,Not Available,Annual,National,Forest area (hectares) [15.1.1],Northern midlands and mountain areas,Hectares,4675.0
2011,Normal value,Thousands,Not Available,Annual,National,Forest area (hectares) [15.1.1],Northern midlands and mountain areas,Hectares,4746.5
2012,Normal value,Thousands,Not Available,Annual,National,Forest area (hectares) [15.1.1],Northern midlands and mountain areas,Hectares,4925.2
2013,Normal value,Thousands,Not Available,Annual,National,Forest area (hectares) [15.1.1],Northern midlands and mountain areas,Hectares,4959.3
2014,Normal value,Thousands,Not Available,Annual,National,Forest area (hectares) [15.1.1],Northern midlands and mountain areas,Hectares,5030.0
2015,Normal value,Thousands,Not Available,Annual,National,Forest area (hectares) [15.1.1],Northern midlands and mountain areas,Hectares,5082.6
2016,Normal value,Thousands,Not Available,Annual,National,Forest area (hectares) [15.1.1],Northern midlands and mountain areas,Hectares,5098.0
2018,Normal value,Thousands,Not Available,Annual,National,Forest area (hectares) [15.1.1],Northern midlands and mountain areas,Hectares,5203.4
2019,Normal value,Thousands,Not Available,Annual,National,Forest area (hectares) [15.1.1],Northern midlands and mountain areas,Hectares,5278.5
2010,Normal value,Thousands,Not Available,Annual,National,Forest area (hectares) [15.1.1],Northern Central area and Central coastal area,Hectares,4726.9
2011,Normal value,Thousands,Not Available,Annual,National,Forest area (hectares) [15.1.1],Northern Central area and Central coastal area,Hectares,4796.7
2012,Normal value,Thousands,Not Available,Annual,National,Forest area (hectares) [15.1.1],Northern Central area and Central coastal area,Hectares,4864.2
2013,Normal value,Thousands,Not Available,Annual,National,Forest area (hectares) [15.1.1],Northern Central area and Central coastal area,Hectares,4931.4
2014,Normal value,Thousands,Not Available,Annual,National,Forest area (hectares) [15.1.1],Northern Central area and Central coastal area,Hectares,4969.5
2015,Normal value,Thousands,Not Available,Annual,National,Forest area (hectares) [15.1.1],Northern Central area and Central coastal area,Hectares,5179.8
2016,Normal value,Thousands,Not Available,Annual,National,Forest area (hectares) [15.1.1],Northern Central area and Central coastal area,Hectares,5522.0
2018,Normal value,Thousands,Not Available,Annual,National,Forest area (hectares) [15.1.1],Northern Central area and Central coastal area,Hectares,5513.8
2019,Normal value,Thousands,Not Available,Annual,National,Forest area (hectares) [15.1.1],Northern Central area and Central coastal area,Hectares,5553.6
2010,Normal value,Thousands,Not Available,Annual,National,Forest area (hectares) [15.1.1],Central Highlands,Hectares,2874.4
2011,Normal value,Thousands,Not Available,Annual,National,Forest area (hectares) [15.1.1],Central Highlands,Hectares,2848.0
2012,Normal value,Thousands,Not Available,Annual,National,Forest area (hectares) [15.1.1],Central Highlands,Hectares,2903.9
2013,Normal value,Thousands,Not Available,Annual,National,Forest area (hectares) [15.1.1],Central Highlands,Hectares,2848.7
2014,Normal value,Thousands,Not Available,Annual,National,Forest area (hectares) [15.1.1],Central Highlands,Hectares,2567.1
2015,Normal value,Thousands,Not Available,Annual,National,Forest area (hectares) [15.1.1],Central Highlands,Hectares,2562.0
2016,Normal value,Thousands,Not Available,Annual,National,Forest area (hectares) [15.1.1],Central Highlands,Hectares,2558.7
2018,Normal value,Thousands,Not Available,Annual,National,Forest area (hectares) [15.1.1],Central Highlands,Hectares,2557.4
2019,Normal value,Thousands,Not Available,Annual,National,Forest area (hectares) [15.1.1],Central Highlands,Hectares,2559.9
2010,Normal value,Thousands,Not Available,Annual,National,Forest area (hectares) [15.1.1],South East,Hectares,408.0
2011,Normal value,Thousands,Not Available,Annual,National,Forest area (hectares) [15.1.1],South East,Hectares,423.0
2012,Normal value,Thousands,Not Available,Annual,National,Forest area (hectares) [15.1.1],South East,Hectares,471.8
2013,Normal value,Thousands,Not Available,Annual,National,Forest area (hectares) [15.1.1],South East,Hectares,466.9
2014,Normal value,Thousands,Not Available,Annual,National,Forest area (hectares) [15.1.1],South East,Hectares,476.2
2015,Normal value,Thousands,Not Available,Annual,National,Forest area (hectares) [15.1.1],South East,Hectares,473.9
2016,Normal value,Thousands,Not Available,Annual,National,Forest area (hectares) [15.1.1],South East,Hectares,485.1
2018,Normal value,Thousands,Not Available,Annual,National,Forest area (hectares) [15.1.1],South East,Hectares,486.7
2019,Normal value,Thousands,Not Available,Annual,National,Forest area (hectares) [15.1.1],South East,Hectares,480.9
2010,Normal value,Thousands,Not Available,Annual,National,Forest area (hectares) [15.1.1],Mekong River Delta,Hectares,268.9
2011,Normal value,Thousands,Not Available,Annual,National,Forest area (hectares) [15.1.1],Mekong River Delta,Hectares,260.1
2012,Normal value,Thousands,Not Available,Annual,National,Forest area (hectares) [15.1.1],Mekong River Delta,Hectares,249.2
2013,Normal value,Thousands,Not Available,Annual,National,Forest area (hectares) [15.1.1],Mekong River Delta,Hectares,282.1
2014,Normal value,Thousands,Not Available,Annual,National,Forest area (hectares) [15.1.1],Mekong River Delta,Hectares,270.8
2015,Normal value,Thousands,Not Available,Annual,National,Forest area (hectares) [15.1.1],Mekong River Delta,Hectares,272.0
2016,Normal value,Thousands,Not Available,Annual,National,Forest area (hectares) [15.1.1],Mekong River Delta,Hectares,226.1
2018,Normal value,Thousands,Not Available,Annual,National,Forest area (hectares) [15.1.1],Mekong River Delta,Hectares,243.1
2019,Normal value,Thousands,Not Available,Annual,National,Forest area (hectares) [15.1.1],Mekong River Delta,Hectares,249.3
2010,Normal value,Thousands,Not Available,Annual,National,Forest area (hectares) [15.1.1],Ha Noi,Hectares,24.3
2011,Normal value,Thousands,Not Available,Annual,National,Forest area (hectares) [15.1.1],Ha Noi,Hectares,24.3
2012,Normal value,Thousands,Not Available,Annual,National,Forest area (hectares) [15.1.1],Ha Noi,Hectares,24.5
2013,Normal value,Thousands,Not Available,Annual,National,Forest area (hectares) [15.1.1],Ha Noi,Hectares,23.8
2014,Normal value,Thousands,Not Available,Annual,National,Forest area (hectares) [15.1.1],Ha Noi,Hectares,23.7
2015,Normal value,Thousands,Not Available,Annual,National,Forest area (hectares) [15.1.1],Ha Noi,Hectares,20.0
2016,Normal value,Thousands,Not Available,Annual,National,Forest area (hectares) [15.1.1],Ha Noi,Hectares,20.0
2018,Normal value,Thousands,Not Available,Annual,National,Forest area (hectares) [15.1.1],Ha Noi,Hectares,19.6
2019,Normal value,Thousands,Not Available,Annual,National,Forest area (hectares) [15.1.1],Ha Noi,Hectares,19.6
2010,Normal value,Thousands,Not Available,Annual,National,Forest area (hectares) [15.1.1],Vinh Phuc,Hectares,28.5
2011,Normal value,Thousands,Not Available,Annual,National,Forest area (hectares) [15.1.1],Vinh Phuc,Hectares,28.2
2012,Normal value,Thousands,Not Available,Annual,National,Forest area (hectares) [15.1.1],Vinh Phuc,Hectares,31.0
2013,Normal value,Thousands,Not Available,Annual,National,Forest area (hectares) [15.1.1],Vinh Phuc,Hectares,31.9
2014,Normal value,Thousands,Not Available,Annual,National,Forest area (hectares) [15.1.1],Vinh Phuc,Hectares,31.8
2015,Normal value,Thousands,Not Available,Annual,National,Forest area (hectares) [15.1.1],Vinh Phuc,Hectares,33.3
2016,Normal value,Thousands,Not Available,Annual,National,Forest area (hectares) [15.1.1],Vinh Phuc,Hectares,33.3
2018,Normal value,Thousands,Not Available,Annual,National,Forest area (hectares) [15.1.1],Vinh Phuc,Hectares,33.5
2019,Normal value,Thousands,Not Available,Annual,National,Forest area (hectares) [15.1.1],Vinh Phuc,Hectares,33.2
2010,Normal value,Thousands,Not Available,Annual,National,Forest area (hectares) [15.1.1],Bac Ninh,Hectares,0.6
2011,Normal value,Thousands,Not Available,Annual,National,Forest area (hectares) [15.1.1],Bac Ninh,Hectares,0.6
2012,Normal value,Thousands,Not Available,Annual,National,Forest area (hectares) [15.1.1],Bac Ninh,Hectares,0.6
2013,Normal value,Thousands,Not Available,Annual,National,Forest area (hectares) [15.1.1],Bac Ninh,Hectares,0.6
2014,Normal value,Thousands,Not Available,Annual,National,Forest area (hectares) [15.1.1],Bac Ninh,Hectares,0.6
2015,Normal value,Thousands,Not Available,Annual,National,Forest area (hectares) [15.1.1],Bac Ninh,Hectares,0.6
2016,Normal value,Thousands,Not Available,Annual,National,Forest area (hectares) [15.1.1],Bac Ninh,Hectares,0.6
2018,Normal value,Thousands,Not Available,Annual,National,Forest area (hectares) [15.1.1],Bac Ninh,Hectares,0.6
2019,Normal value,Thousands,Not Available,Annual,National,Forest area (hectares) [15.1.1],Bac Ninh,Hectares,0.6
2010,Normal value,Thousands,Not Available,Annual,National,Forest area (hectares) [15.1.1],Quang Ninh,Hectares,310.4
2011,Normal value,Thousands,Not Available,Annual,National,Forest area (hectares) [15.1.1],Quang Ninh,Hectares,316.6
2012,Normal value,Thousands,Not Available,Annual,National,Forest area (hectares) [15.1.1],Quang Ninh,Hectares,322.4
2013,Normal value,Thousands,Not Available,Annual,National,Forest area (hectares) [15.1.1],Quang Ninh,Hectares,340.7
2014,Normal value,Thousands,Not Available,Annual,National,Forest area (hectares) [15.1.1],Quang Ninh,Hectares,356.2
2015,Normal value,Thousands,Not Available,Annual,National,Forest area (hectares) [15.1.1],Quang Ninh,Hectares,369.9
2016,Normal value,Thousands,Not Available,Annual,National,Forest area (hectares) [15.1.1],Quang Ninh,Hectares,370.3
2018,Normal value,Thousands,Not Available,Annual,National,Forest area (hectares) [15.1.1],Quang Ninh,Hectares,370.4
2019,Normal value,Thousands,Not Available,Annual,National,Forest area (hectares) [15.1.1],Quang Ninh,Hectares,370.3
2010,Normal value,Thousands,Not Available,Annual,National,Forest area (hectares) [15.1.1],Hai Duong,Hectares,10.2
2011,Normal value,Thousands,Not Available,Annual,National,Forest area (hectares) [15.1.1],Hai Duong,Hectares,10.4
2012,Normal value,Thousands,Not Available,Annual,National,Forest area (hectares) [15.1.1],Hai Duong,Hectares,10.4
2013,Normal value,Thousands,Not Available,Annual,National,Forest area (hectares) [15.1.1],Hai Duong,Hectares,10.4
2014,Normal value,Thousands,Not Available,Annual,National,Forest area (hectares) [15.1.1],Hai Duong,Hectares,11.1
2015,Normal value,Thousands,Not Available,Annual,National,Forest area (hectares) [15.1.1],Hai Duong,Hectares,11.1
2016,Normal value,Thousands,Not Available,Annual,National,Forest area (hectares) [15.1.1],Hai Duong,Hectares,9.1
2018,Normal value,Thousands,Not Available,Annual,National,Forest area (hectares) [15.1.1],Hai Duong,Hectares,9.0
2019,Normal value,Thousands,Not Available,Annual,National,Forest area (hectares) [15.1.1],Hai Duong,Hectares,9.0
2010,Normal value,Thousands,Not Available,Annual,National,Forest area (hectares) [15.1.1],Hai Phong,Hectares,18.0
2011,Normal value,Thousands,Not Available,Annual,National,Forest area (hectares) [15.1.1],Hai Phong,Hectares,18.0
2012,Normal value,Thousands,Not Available,Annual,National,Forest area (hectares) [15.1.1],Hai Phong,Hectares,18.0
2013,Normal value,Thousands,Not Available,Annual,National,Forest area (hectares) [15.1.1],Hai Phong,Hectares,18.0
2014,Normal value,Thousands,Not Available,Annual,National,Forest area (hectares) [15.1.1],Hai Phong,Hectares,18.0
2015,Normal value,Thousands,Not Available,Annual,National,Forest area (hectares) [15.1.1],Hai Phong,Hectares,18.3
2016,Normal value,Thousands,Not Available,Annual,National,Forest area (hectares) [15.1.1],Hai Phong,Hectares,13.8
2018,Normal value,Thousands,Not Available,Annual,National,Forest area (hectares) [15.1.1],Hai Phong,Hectares,13.9
2019,Normal value,Thousands,Not Available,Annual,National,Forest area (hectares) [15.1.1],Hai Phong,Hectares,13.8
2010,Normal value,Thousands,Not Available,Annual,National,Forest area (hectares) [15.1.1],Thai Binh,Hectares,7.3
2011,Normal value,Thousands,Not Available,Annual,National,Forest area (hectares) [15.1.1],Thai Binh,Hectares,7.3
2012,Normal value,Thousands,Not Available,Annual,National,Forest area (hectares) [15.1.1],Thai Binh,Hectares,5.7
2013,Normal value,Thousands,Not Available,Annual,National,Forest area (hectares) [15.1.1],Thai Binh,Hectares,5.7
2014,Normal value,Thousands,Not Available,Annual,National,Forest area (hectares) [15.1.1],Thai Binh,Hectares,5.9
2015,Normal value,Thousands,Not Available,Annual,National,Forest area (hectares) [15.1.1],Thai Binh,Hectares,3.6
2016,Normal value,Thousands,Not Available,Annual,National,Forest area (hectares) [15.1.1],Thai Binh,Hectares,4.6
2018,Normal value,Thousands,Not Available,Annual,National,Forest area (hectares) [15.1.1],Thai Binh,Hectares,4.2
2019,Normal value,Thousands,Not Available,Annual,National,Forest area (hectares) [15.1.1],Thai Binh,Hectares,4.3
2010,Normal value,Thousands,Not Available,Annual,National,Forest area (hectares) [15.1.1],Ha Nam,Hectares,4.8
2011,Normal value,Thousands,Not Available,Annual,National,Forest area (hectares) [15.1.1],Ha Nam,Hectares,4.8
2012,Normal value,Thousands,Not Available,Annual,National,Forest area (hectares) [15.1.1],Ha Nam,Hectares,4.7
2013,Normal value,Thousands,Not Available,Annual,National,Forest area (hectares) [15.1.1],Ha Nam,Hectares,4.8
2014,Normal value,Thousands,Not Available,Annual,National,Forest area (hectares) [15.1.1],Ha Nam,Hectares,4.8
2015,Normal value,Thousands,Not Available,Annual,National,Forest area (hectares) [15.1.1],Ha Nam,Hectares,5.5
2016,Normal value,Thousands,Not Available,Annual,National,Forest area (hectares) [15.1.1],Ha Nam,Hectares,5.5
2018,Normal value,Thousands,Not Available,Annual,National,Forest area (hectares) [15.1.1],Ha Nam,Hectares,5.4
2019,Normal value,Thousands,Not Available,Annual,National,Forest area (hectares) [15.1.1],Ha Nam,Hectares,5.4
2010,Normal value,Thousands,Not Available,Annual,National,Forest area (hectares) [15.1.1],Nam Dinh,Hectares,3.6
2011,Normal value,Thousands,Not Available,Annual,National,Forest area (hectares) [15.1.1],Nam Dinh,Hectares,3.7
2012,Normal value,Thousands,Not Available,Annual,National,Forest area (hectares) [15.1.1],Nam Dinh,Hectares,3.5
2013,Normal value,Thousands,Not Available,Annual,National,Forest area (hectares) [15.1.1],Nam Dinh,Hectares,3.5
2014,Normal value,Thousands,Not Available,Annual,National,Forest area (hectares) [15.1.1],Nam Dinh,Hectares,3.5
2015,Normal value,Thousands,Not Available,Annual,National,Forest area (hectares) [15.1.1],Nam Dinh,Hectares,3.1
2016,Normal value,Thousands,Not Available,Annual,National,Forest area (hectares) [15.1.1],Nam Dinh,Hectares,3.1
2018,Normal value,Thousands,Not Available,Annual,National,Forest area (hectares) [15.1.1],Nam Dinh,Hectares,3.1
2019,Normal value,Thousands,Not Available,Annual,National,Forest area (hectares) [15.1.1],Nam Dinh,Hectares,3.1
2010,Normal value,Thousands,Not Available,Annual,National,Forest area (hectares) [15.1.1],Ninh Binh,Hectares,27.2
2011,Normal value,Thousands,Not Available,Annual,National,Forest area (hectares) [15.1.1],Ninh Binh,Hectares,26.9
2012,Normal value,Thousands,Not Available,Annual,National,Forest area (hectares) [15.1.1],Ninh Binh,Hectares,26.9
2013,Normal value,Thousands,Not Available,Annual,National,Forest area (hectares) [15.1.1],Ninh Binh,Hectares,26.6
2014,Normal value,Thousands,Not Available,Annual,National,Forest area (hectares) [15.1.1],Ninh Binh,Hectares,27.4
2015,Normal value,Thousands,Not Available,Annual,National,Forest area (hectares) [15.1.1],Ninh Binh,Hectares,26.2
2016,Normal value,Thousands,Not Available,Annual,National,Forest area (hectares) [15.1.1],Ninh Binh,Hectares,27.5
2018,Normal value,Thousands,Not Available,Annual,National,Forest area (hectares) [15.1.1],Ninh Binh,Hectares,27.3
2019,Normal value,Thousands,Not Available,Annual,National,Forest area (hectares) [15.1.1],Ninh Binh,Hectares,27.6
2010,Normal value,Thousands,Not Available,Annual,National,Forest area (hectares) [15.1.1],Ha Giang,Hectares,444.9
2011,Normal value,Thousands,Not Available,Annual,National,Forest area (hectares) [15.1.1],Ha Giang,Hectares,447.9
2012,Normal value,Thousands,Not Available,Annual,National,Forest area (hectares) [15.1.1],Ha Giang,Hectares,447.9
2013,Normal value,Thousands,Not Available,Annual,National,Forest area (hectares) [15.1.1],Ha Giang,Hectares,437.2
2014,Normal value,Thousands,Not Available,Annual,National,Forest area (hectares) [15.1.1],Ha Giang,Hectares,437.0
2015,Normal value,Thousands,Not Available,Annual,National,Forest area (hectares) [15.1.1],Ha Giang,Hectares,455.6
2016,Normal value,Thousands,Not Available,Annual,National,Forest area (hectares) [15.1.1],Ha Giang,Hectares,448.9
2018,Normal value,Thousands,Not Available,Annual,National,Forest area (hectares) [15.1.1],Ha Giang,Hectares,459.2
2019,Normal value,Thousands,Not Available,Annual,National,Forest area (hectares) [15.1.1],Ha Giang,Hectares,470.1
2010,Normal value,Thousands,Not Available,Annual,National,Forest area (hectares) [15.1.1],Cao Bang,Hectares,336.8
2011,Normal value,Thousands,Not Available,Annual,National,Forest area (hectares) [15.1.1],Cao Bang,Hectares,338.3
2012,Normal value,Thousands,Not Available,Annual,National,Forest area (hectares) [15.1.1],Cao Bang,Hectares,339.0
2013,Normal value,Thousands,Not Available,Annual,National,Forest area (hectares) [15.1.1],Cao Bang,Hectares,339.5
2014,Normal value,Thousands,Not Available,Annual,National,Forest area (hectares) [15.1.1],Cao Bang,Hectares,339.2
2015,Normal value,Thousands,Not Available,Annual,National,Forest area (hectares) [15.1.1],Cao Bang,Hectares,360.5
2016,Normal value,Thousands,Not Available,Annual,National,Forest area (hectares) [15.1.1],Cao Bang,Hectares,360.8
2018,Normal value,Thousands,Not Available,Annual,National,Forest area (hectares) [15.1.1],Cao Bang,Hectares,367.9
2019,Normal value,Thousands,Not Available,Annual,National,Forest area (hectares) [15.1.1],Cao Bang,Hectares,373.3
2010,Normal value,Thousands,Not Available,Annual,National,Forest area (hectares) [15.1.1],Bac Kan,Hectares,288.1
2011,Normal value,Thousands,Not Available,Annual,National,Forest area (hectares) [15.1.1],Bac Kan,Hectares,296.9
2012,Normal value,Thousands,Not Available,Annual,National,Forest area (hectares) [15.1.1],Bac Kan,Hectares,367.5
2013,Normal value,Thousands,Not Available,Annual,National,Forest area (hectares) [15.1.1],Bac Kan,Hectares,368.9
2014,Normal value,Thousands,Not Available,Annual,National,Forest area (hectares) [15.1.1],Bac Kan,Hectares,370.0
2015,Normal value,Thousands,Not Available,Annual,National,Forest area (hectares) [15.1.1],Bac Kan,Hectares,370.2
2016,Normal value,Thousands,Not Available,Annual,National,Forest area (hectares) [15.1.1],Bac Kan,Hectares,370.4
2018,Normal value,Thousands,Not Available,Annual,National,Forest area (hectares) [15.1.1],Bac Kan,Hectares,371.9
2019,Normal value,Thousands,Not Available,Annual,National,Forest area (hectares) [15.1.1],Bac Kan,Hectares,371.9
2010,Normal value,Thousands,Not Available,Annual,National,Forest area (hectares) [15.1.1],Tuyen Quang,Hectares,390.1
2011,Normal value,Thousands,Not Available,Annual,National,Forest area (hectares) [15.1.1],Tuyen Quang,Hectares,397.4
2012,Normal value,Thousands,Not Available,Annual,National,Forest area (hectares) [15.1.1],Tuyen Quang,Hectares,405.5
2013,Normal value,Thousands,Not Available,Annual,National,Forest area (hectares) [15.1.1],Tuyen Quang,Hectares,408.6
2014,Normal value,Thousands,Not Available,Annual,National,Forest area (hectares) [15.1.1],Tuyen Quang,Hectares,415.6
2015,Normal value,Thousands,Not Available,Annual,National,Forest area (hectares) [15.1.1],Tuyen Quang,Hectares,415.6
2016,Normal value,Thousands,Not Available,Annual,National,Forest area (hectares) [15.1.1],Tuyen Quang,Hectares,417.0
2018,Normal value,Thousands,Not Available,Annual,National,Forest area (hectares) [15.1.1],Tuyen Quang,Hectares,422.5
2019,Normal value,Thousands,Not Available,Annual,National,Forest area (hectares) [15.1.1],Tuyen Quang,Hectares,424.7
2010,Normal value,Thousands,Not Available,Annual,National,Forest area (hectares) [15.1.1],Lao Cai,Hectares,327.8
2011,Normal value,Thousands,Not Available,Annual,National,Forest area (hectares) [15.1.1],Lao Cai,Hectares,333.6
2012,Normal value,Thousands,Not Available,Annual,National,Forest area (hectares) [15.1.1],Lao Cai,Hectares,334.9
2013,Normal value,Thousands,Not Available,Annual,National,Forest area (hectares) [15.1.1],Lao Cai,Hectares,344.3
2014,Normal value,Thousands,Not Available,Annual,National,Forest area (hectares) [15.1.1],Lao Cai,Hectares,351.4
2015,Normal value,Thousands,Not Available,Annual,National,Forest area (hectares) [15.1.1],Lao Cai,Hectares,348.3
2016,Normal value,Thousands,Not Available,Annual,National,Forest area (hectares) [15.1.1],Lao Cai,Hectares,353.0
2018,Normal value,Thousands,Not Available,Annual,National,Forest area (hectares) [15.1.1],Lao Cai,Hectares,361.1
2019,Normal value,Thousands,Not Available,Annual,National,Forest area (hectares) [15.1.1],Lao Cai,Hectares,367.5
2010,Normal value,Thousands,Not Available,Annual,National,Forest area (hectares) [15.1.1],Yen Bai,Hectares,410.7
2011,Normal value,Thousands,Not Available,Annual,National,Forest area (hectares) [15.1.1],Yen Bai,Hectares,410.8
2012,Normal value,Thousands,Not Available,Annual,National,Forest area (hectares) [15.1.1],Yen Bai,Hectares,414.6
2013,Normal value,Thousands,Not Available,Annual,National,Forest area (hectares) [15.1.1],Yen Bai,Hectares,407.8
2014,Normal value,Thousands,Not Available,Annual,National,Forest area (hectares) [15.1.1],Yen Bai,Hectares,430.9
2015,Normal value,Thousands,Not Available,Annual,National,Forest area (hectares) [15.1.1],Yen Bai,Hectares,453.1
2016,Normal value,Thousands,Not Available,Annual,National,Forest area (hectares) [15.1.1],Yen Bai,Hectares,454.8
2018,Normal value,Thousands,Not Available,Annual,National,Forest area (hectares) [15.1.1],Yen Bai,Hectares,464.2
2019,Normal value,Thousands,Not Available,Annual,National,Forest area (hectares) [15.1.1],Yen Bai,Hectares,462.3
2010,Normal value,Thousands,Not Available,Annual,National,Forest area (hectares) [15.1.1],Thai  Nguyen,Hectares,175.1
2011,Normal value,Thousands,Not Available,Annual,National,Forest area (hectares) [15.1.1],Thai  Nguyen,Hectares,177.8
2012,Normal value,Thousands,Not Available,Annual,National,Forest area (hectares) [15.1.1],Thai  Nguyen,Hectares,178.8
2013,Normal value,Thousands,Not Available,Annual,National,Forest area (hectares) [15.1.1],Thai  Nguyen,Hectares,181.0
2014,Normal value,Thousands,Not Available,Annual,National,Forest area (hectares) [15.1.1],Thai  Nguyen,Hectares,182.7
2015,Normal value,Thousands,Not Available,Annual,National,Forest area (hectares) [15.1.1],Thai  Nguyen,Hectares,185.5
2016,Normal value,Thousands,Not Available,Annual,National,Forest area (hectares) [15.1.1],Thai  Nguyen,Hectares,186.5
2018,Normal value,Thousands,Not Available,Annual,National,Forest area (hectares) [15.1.1],Thai  Nguyen,Hectares,187.4
2019,Normal value,Thousands,Not Available,Annual,National,Forest area (hectares) [15.1.1],Thai  Nguyen,Hectares,187.5
2010,Normal value,Thousands,Not Available,Annual,National,Forest area (hectares) [15.1.1],Lang Son,Hectares,409.4
2011,Normal value,Thousands,Not Available,Annual,National,Forest area (hectares) [15.1.1],Lang Son,Hectares,418.9
2012,Normal value,Thousands,Not Available,Annual,National,Forest area (hectares) [15.1.1],Lang Son,Hectares,435.1
2013,Normal value,Thousands,Not Available,Annual,National,Forest area (hectares) [15.1.1],Lang Son,Hectares,448.2
2014,Normal value,Thousands,Not Available,Annual,National,Forest area (hectares) [15.1.1],Lang Son,Hectares,467.2
2015,Normal value,Thousands,Not Available,Annual,National,Forest area (hectares) [15.1.1],Lang Son,Hectares,513.8
2016,Normal value,Thousands,Not Available,Annual,National,Forest area (hectares) [15.1.1],Lang Son,Hectares,522.5
2018,Normal value,Thousands,Not Available,Annual,National,Forest area (hectares) [15.1.1],Lang Son,Hectares,533.0
2019,Normal value,Thousands,Not Available,Annual,National,Forest area (hectares) [15.1.1],Lang Son,Hectares,531.7
2010,Normal value,Thousands,Not Available,Annual,National,Forest area (hectares) [15.1.1],Bac Giang,Hectares,127.3
2011,Normal value,Thousands,Not Available,Annual,National,Forest area (hectares) [15.1.1],Bac Giang,Hectares,144.4
2012,Normal value,Thousands,Not Available,Annual,National,Forest area (hectares) [15.1.1],Bac Giang,Hectares,145.7
2013,Normal value,Thousands,Not Available,Annual,National,Forest area (hectares) [15.1.1],Bac Giang,Hectares,149.4
2014,Normal value,Thousands,Not Available,Annual,National,Forest area (hectares) [15.1.1],Bac Giang,Hectares,152.4
2015,Normal value,Thousands,Not Available,Annual,National,Forest area (hectares) [15.1.1],Bac Giang,Hectares,156.4
2016,Normal value,Thousands,Not Available,Annual,National,Forest area (hectares) [15.1.1],Bac Giang,Hectares,159.0
2018,Normal value,Thousands,Not Available,Annual,National,Forest area (hectares) [15.1.1],Bac Giang,Hectares,160.3
2019,Normal value,Thousands,Not Available,Annual,National,Forest area (hectares) [15.1.1],Bac Giang,Hectares,160.5
2010,Normal value,Thousands,Not Available,Annual,National,Forest area (hectares) [15.1.1],Phu Tho,Hectares,183.1
2011,Normal value,Thousands,Not Available,Annual,National,Forest area (hectares) [15.1.1],Phu Tho,Hectares,182.7
2012,Normal value,Thousands,Not Available,Annual,National,Forest area (hectares) [15.1.1],Phu Tho,Hectares,184.6
2013,Normal value,Thousands,Not Available,Annual,National,Forest area (hectares) [15.1.1],Phu Tho,Hectares,184.6
2014,Normal value,Thousands,Not Available,Annual,National,Forest area (hectares) [15.1.1],Phu Tho,Hectares,185.8
2015,Normal value,Thousands,Not Available,Annual,National,Forest area (hectares) [15.1.1],Phu Tho,Hectares,170.5
2016,Normal value,Thousands,Not Available,Annual,National,Forest area (hectares) [15.1.1],Phu Tho,Hectares,170.8
2018,Normal value,Thousands,Not Available,Annual,National,Forest area (hectares) [15.1.1],Phu Tho,Hectares,171.7
2019,Normal value,Thousands,Not Available,Annual,National,Forest area (hectares) [15.1.1],Phu Tho,Hectares,171.6
2010,Normal value,Thousands,Not Available,Annual,National,Forest area (hectares) [15.1.1],Dien Bien,Hectares,347.2
2011,Normal value,Thousands,Not Available,Annual,National,Forest area (hectares) [15.1.1],Dien Bien,Hectares,350.5
2012,Normal value,Thousands,Not Available,Annual,National,Forest area (hectares) [15.1.1],Dien Bien,Hectares,393.3
2013,Normal value,Thousands,Not Available,Annual,National,Forest area (hectares) [15.1.1],Dien Bien,Hectares,400.0
2014,Normal value,Thousands,Not Available,Annual,National,Forest area (hectares) [15.1.1],Dien Bien,Hectares,401.7
2015,Normal value,Thousands,Not Available,Annual,National,Forest area (hectares) [15.1.1],Dien Bien,Hectares,368.3
2016,Normal value,Thousands,Not Available,Annual,National,Forest area (hectares) [15.1.1],Dien Bien,Hectares,368.8
2018,Normal value,Thousands,Not Available,Annual,National,Forest area (hectares) [15.1.1],Dien Bien,Hectares,381.6
2019,Normal value,Thousands,Not Available,Annual,National,Forest area (hectares) [15.1.1],Dien Bien,Hectares,406.3
2010,Normal value,Thousands,Not Available,Annual,National,Forest area (hectares) [15.1.1],Lai Chau,Hectares,383.6
2011,Normal value,Thousands,Not Available,Annual,National,Forest area (hectares) [15.1.1],Lai Chau,Hectares,391.0
2012,Normal value,Thousands,Not Available,Annual,National,Forest area (hectares) [15.1.1],Lai Chau,Hectares,403.1
2013,Normal value,Thousands,Not Available,Annual,National,Forest area (hectares) [15.1.1],Lai Chau,Hectares,409.9
2014,Normal value,Thousands,Not Available,Annual,National,Forest area (hectares) [15.1.1],Lai Chau,Hectares,419.4
2015,Normal value,Thousands,Not Available,Annual,National,Forest area (hectares) [15.1.1],Lai Chau,Hectares,416.4
2016,Normal value,Thousands,Not Available,Annual,National,Forest area (hectares) [15.1.1],Lai Chau,Hectares,420.8
2018,Normal value,Thousands,Not Available,Annual,National,Forest area (hectares) [15.1.1],Lai Chau,Hectares,445.3
2019,Normal value,Thousands,Not Available,Annual,National,Forest area (hectares) [15.1.1],Lai Chau,Hectares,454.8
2010,Normal value,Thousands,Not Available,Annual,National,Forest area (hectares) [15.1.1],Son La,Hectares,625.8
2011,Normal value,Thousands,Not Available,Annual,National,Forest area (hectares) [15.1.1],Son La,Hectares,633.7
2012,Normal value,Thousands,Not Available,Annual,National,Forest area (hectares) [15.1.1],Son La,Hectares,635.2
2013,Normal value,Thousands,Not Available,Annual,National,Forest area (hectares) [15.1.1],Son La,Hectares,635.9
2014,Normal value,Thousands,Not Available,Annual,National,Forest area (hectares) [15.1.1],Son La,Hectares,633.7
2015,Normal value,Thousands,Not Available,Annual,National,Forest area (hectares) [15.1.1],Son La,Hectares,601.1
2016,Normal value,Thousands,Not Available,Annual,National,Forest area (hectares) [15.1.1],Son La,Hectares,599.0
2018,Normal value,Thousands,Not Available,Annual,National,Forest area (hectares) [15.1.1],Son La,Hectares,619.8
2019,Normal value,Thousands,Not Available,Annual,National,Forest area (hectares) [15.1.1],Son La,Hectares,634.5
2010,Normal value,Thousands,Not Available,Annual,National,Forest area (hectares) [15.1.1],Hoa Binh,Hectares,225.0
2011,Normal value,Thousands,Not Available,Annual,National,Forest area (hectares) [15.1.1],Hoa Binh,Hectares,222.6
2012,Normal value,Thousands,Not Available,Annual,National,Forest area (hectares) [15.1.1],Hoa Binh,Hectares,240.0
2013,Normal value,Thousands,Not Available,Annual,National,Forest area (hectares) [15.1.1],Hoa Binh,Hectares,244.0
2014,Normal value,Thousands,Not Available,Annual,National,Forest area (hectares) [15.1.1],Hoa Binh,Hectares,242.8
2015,Normal value,Thousands,Not Available,Annual,National,Forest area (hectares) [15.1.1],Hoa Binh,Hectares,267.3
2016,Normal value,Thousands,Not Available,Annual,National,Forest area (hectares) [15.1.1],Hoa Binh,Hectares,265.7
2018,Normal value,Thousands,Not Available,Annual,National,Forest area (hectares) [15.1.1],Hoa Binh,Hectares,257.5
2019,Normal value,Thousands,Not Available,Annual,National,Forest area (hectares) [15.1.1],Hoa Binh,Hectares,261.8
2010,Normal value,Thousands,Not Available,Annual,National,Forest area (hectares) [15.1.1],Thanh Hoa,Hectares,545.0
2011,Normal value,Thousands,Not Available,Annual,National,Forest area (hectares) [15.1.1],Thanh Hoa,Hectares,551.3
2012,Normal value,Thousands,Not Available,Annual,National,Forest area (hectares) [15.1.1],Thanh Hoa,Hectares,565.2
2013,Normal value,Thousands,Not Available,Annual,National,Forest area (hectares) [15.1.1],Thanh Hoa,Hectares,576.5
2014,Normal value,Thousands,Not Available,Annual,National,Forest area (hectares) [15.1.1],Thanh Hoa,Hectares,583.6
2015,Normal value,Thousands,Not Available,Annual,National,Forest area (hectares) [15.1.1],Thanh Hoa,Hectares,626.7
2016,Normal value,Thousands,Not Available,Annual,National,Forest area (hectares) [15.1.1],Thanh Hoa,Hectares,626.7
2018,Normal value,Thousands,Not Available,Annual,National,Forest area (hectares) [15.1.1],Thanh Hoa,Hectares,633.2
2019,Normal value,Thousands,Not Available,Annual,National,Forest area (hectares) [15.1.1],Thanh Hoa,Hectares,641.9
2010,Normal value,Thousands,Not Available,Annual,National,Forest area (hectares) [15.1.1],Nghe An,Hectares,874.5
2011,Normal value,Thousands,Not Available,Annual,National,Forest area (hectares) [15.1.1],Nghe An,Hectares,884.0
2012,Normal value,Thousands,Not Available,Annual,National,Forest area (hectares) [15.1.1],Nghe An,Hectares,885.2
2013,Normal value,Thousands,Not Available,Annual,National,Forest area (hectares) [15.1.1],Nghe An,Hectares,899.9
2014,Normal value,Thousands,Not Available,Annual,National,Forest area (hectares) [15.1.1],Nghe An,Hectares,902.2
2015,Normal value,Thousands,Not Available,Annual,National,Forest area (hectares) [15.1.1],Nghe An,Hectares,987.8
2016,Normal value,Thousands,Not Available,Annual,National,Forest area (hectares) [15.1.1],Nghe An,Hectares,988.5
2018,Normal value,Thousands,Not Available,Annual,National,Forest area (hectares) [15.1.1],Nghe An,Hectares,992.4
2019,Normal value,Thousands,Not Available,Annual,National,Forest area (hectares) [15.1.1],Nghe An,Hectares,996.8
2010,Normal value,Thousands,Not Available,Annual,National,Forest area (hectares) [15.1.1],Ha Tinh,Hectares,318.2
2011,Normal value,Thousands,Not Available,Annual,National,Forest area (hectares) [15.1.1],Ha Tinh,Hectares,321.4
2012,Normal value,Thousands,Not Available,Annual,National,Forest area (hectares) [15.1.1],Ha Tinh,Hectares,327.3
2013,Normal value,Thousands,Not Available,Annual,National,Forest area (hectares) [15.1.1],Ha Tinh,Hectares,336.3
2014,Normal value,Thousands,Not Available,Annual,National,Forest area (hectares) [15.1.1],Ha Tinh,Hectares,328.0
2015,Normal value,Thousands,Not Available,Annual,National,Forest area (hectares) [15.1.1],Ha Tinh,Hectares,326.2
2016,Normal value,Thousands,Not Available,Annual,National,Forest area (hectares) [15.1.1],Ha Tinh,Hectares,325.5
2018,Normal value,Thousands,Not Available,Annual,National,Forest area (hectares) [15.1.1],Ha Tinh,Hectares,328.3
2019,Normal value,Thousands,Not Available,Annual,National,Forest area (hectares) [15.1.1],Ha Tinh,Hectares,328.9
2010,Normal value,Thousands,Not Available,Annual,National,Forest area (hectares) [15.1.1],Quang Binh,Hectares,548.3
2011,Normal value,Thousands,Not Available,Annual,National,Forest area (hectares) [15.1.1],Quang Binh,Hectares,549.5
2012,Normal value,Thousands,Not Available,Annual,National,Forest area (hectares) [15.1.1],Quang Binh,Hectares,574.9
2013,Normal value,Thousands,Not Available,Annual,National,Forest area (hectares) [15.1.1],Quang Binh,Hectares,555.6
2014,Normal value,Thousands,Not Available,Annual,National,Forest area (hectares) [15.1.1],Quang Binh,Hectares,561.6
2015,Normal value,Thousands,Not Available,Annual,National,Forest area (hectares) [15.1.1],Quang Binh,Hectares,563.4
2016,Normal value,Thousands,Not Available,Annual,National,Forest area (hectares) [15.1.1],Quang Binh,Hectares,591.4
2018,Normal value,Thousands,Not Available,Annual,National,Forest area (hectares) [15.1.1],Quang Binh,Hectares,585.2
2019,Normal value,Thousands,Not Available,Annual,National,Forest area (hectares) [15.1.1],Quang Binh,Hectares,585.2
2010,Normal value,Thousands,Not Available,Annual,National,Forest area (hectares) [15.1.1],Quang Tri,Hectares,226.5
2011,Normal value,Thousands,Not Available,Annual,National,Forest area (hectares) [15.1.1],Quang Tri,Hectares,229.8
2012,Normal value,Thousands,Not Available,Annual,National,Forest area (hectares) [15.1.1],Quang Tri,Hectares,231.7
2013,Normal value,Thousands,Not Available,Annual,National,Forest area (hectares) [15.1.1],Quang Tri,Hectares,236.0
2014,Normal value,Thousands,Not Available,Annual,National,Forest area (hectares) [15.1.1],Quang Tri,Hectares,241.1
2015,Normal value,Thousands,Not Available,Annual,National,Forest area (hectares) [15.1.1],Quang Tri,Hectares,242.3
2016,Normal value,Thousands,Not Available,Annual,National,Forest area (hectares) [15.1.1],Quang Tri,Hectares,254.3
2018,Normal value,Thousands,Not Available,Annual,National,Forest area (hectares) [15.1.1],Quang Tri,Hectares,253.5
2019,Normal value,Thousands,Not Available,Annual,National,Forest area (hectares) [15.1.1],Quang Tri,Hectares,253.0
2010,Normal value,Thousands,Not Available,Annual,National,Forest area (hectares) [15.1.1],Thua Thien-Hue,Hectares,294.7
2011,Normal value,Thousands,Not Available,Annual,National,Forest area (hectares) [15.1.1],Thua Thien-Hue,Hectares,294.7
2012,Normal value,Thousands,Not Available,Annual,National,Forest area (hectares) [15.1.1],Thua Thien-Hue,Hectares,295.0
2013,Normal value,Thousands,Not Available,Annual,National,Forest area (hectares) [15.1.1],Thua Thien-Hue,Hectares,296.1
2014,Normal value,Thousands,Not Available,Annual,National,Forest area (hectares) [15.1.1],Thua Thien-Hue,Hectares,297.8
2015,Normal value,Thousands,Not Available,Annual,National,Forest area (hectares) [15.1.1],Thua Thien-Hue,Hectares,298.6
2016,Normal value,Thousands,Not Available,Annual,National,Forest area (hectares) [15.1.1],Thua Thien-Hue,Hectares,312.3
2018,Normal value,Thousands,Not Available,Annual,National,Forest area (hectares) [15.1.1],Thua Thien-Hue,Hectares,311.1
2019,Normal value,Thousands,Not Available,Annual,National,Forest area (hectares) [15.1.1],Thua Thien-Hue,Hectares,311.2
2010,Normal value,Thousands,Not Available,Annual,National,Forest area (hectares) [15.1.1],Da Nang,Hectares,51.3
2011,Normal value,Thousands,Not Available,Annual,National,Forest area (hectares) [15.1.1],Da Nang,Hectares,59.9
2012,Normal value,Thousands,Not Available,Annual,National,Forest area (hectares) [15.1.1],Da Nang,Hectares,59.9
2013,Normal value,Thousands,Not Available,Annual,National,Forest area (hectares) [15.1.1],Da Nang,Hectares,56.0
2014,Normal value,Thousands,Not Available,Annual,National,Forest area (hectares) [15.1.1],Da Nang,Hectares,54.9
2015,Normal value,Thousands,Not Available,Annual,National,Forest area (hectares) [15.1.1],Da Nang,Hectares,58.1
2016,Normal value,Thousands,Not Available,Annual,National,Forest area (hectares) [15.1.1],Da Nang,Hectares,62.6
2018,Normal value,Thousands,Not Available,Annual,National,Forest area (hectares) [15.1.1],Da Nang,Hectares,62.8
2019,Normal value,Thousands,Not Available,Annual,National,Forest area (hectares) [15.1.1],Da Nang,Hectares,63.6
2010,Normal value,Thousands,Not Available,Annual,National,Forest area (hectares) [15.1.1],Quang  Nam,Hectares,512.5
2011,Normal value,Thousands,Not Available,Annual,National,Forest area (hectares) [15.1.1],Quang  Nam,Hectares,513.8
2012,Normal value,Thousands,Not Available,Annual,National,Forest area (hectares) [15.1.1],Quang  Nam,Hectares,517.1
2013,Normal value,Thousands,Not Available,Annual,National,Forest area (hectares) [15.1.1],Quang  Nam,Hectares,546.2
2014,Normal value,Thousands,Not Available,Annual,National,Forest area (hectares) [15.1.1],Quang  Nam,Hectares,550.3
2015,Normal value,Thousands,Not Available,Annual,National,Forest area (hectares) [15.1.1],Quang  Nam,Hectares,552.1
2016,Normal value,Thousands,Not Available,Annual,National,Forest area (hectares) [15.1.1],Quang  Nam,Hectares,680.4
2018,Normal value,Thousands,Not Available,Annual,National,Forest area (hectares) [15.1.1],Quang  Nam,Hectares,680.6
2019,Normal value,Thousands,Not Available,Annual,National,Forest area (hectares) [15.1.1],Quang  Nam,Hectares,682.2
2010,Normal value,Thousands,Not Available,Annual,National,Forest area (hectares) [15.1.1],Quang  Ngai,Hectares,250.1
2011,Normal value,Thousands,Not Available,Annual,National,Forest area (hectares) [15.1.1],Quang  Ngai,Hectares,255.6
2012,Normal value,Thousands,Not Available,Annual,National,Forest area (hectares) [15.1.1],Quang  Ngai,Hectares,261.6
2013,Normal value,Thousands,Not Available,Annual,National,Forest area (hectares) [15.1.1],Quang  Ngai,Hectares,277.9
2014,Normal value,Thousands,Not Available,Annual,National,Forest area (hectares) [15.1.1],Quang  Ngai,Hectares,294.1
2015,Normal value,Thousands,Not Available,Annual,National,Forest area (hectares) [15.1.1],Quang  Ngai,Hectares,310.2
2016,Normal value,Thousands,Not Available,Annual,National,Forest area (hectares) [15.1.1],Quang  Ngai,Hectares,344.9
2018,Normal value,Thousands,Not Available,Annual,National,Forest area (hectares) [15.1.1],Quang  Ngai,Hectares,334.3
2019,Normal value,Thousands,Not Available,Annual,National,Forest area (hectares) [15.1.1],Quang  Ngai,Hectares,333.4
2010,Normal value,Thousands,Not Available,Annual,National,Forest area (hectares) [15.1.1],Binh Dinh,Hectares,287.5
2011,Normal value,Thousands,Not Available,Annual,National,Forest area (hectares) [15.1.1],Binh Dinh,Hectares,299.4
2012,Normal value,Thousands,Not Available,Annual,National,Forest area (hectares) [15.1.1],Binh Dinh,Hectares,304.7
2013,Normal value,Thousands,Not Available,Annual,National,Forest area (hectares) [15.1.1],Binh Dinh,Hectares,311.9
2014,Normal value,Thousands,Not Available,Annual,National,Forest area (hectares) [15.1.1],Binh Dinh,Hectares,316.6
2015,Normal value,Thousands,Not Available,Annual,National,Forest area (hectares) [15.1.1],Binh Dinh,Hectares,329.5
2016,Normal value,Thousands,Not Available,Annual,National,Forest area (hectares) [15.1.1],Binh Dinh,Hectares,383.6
2018,Normal value,Thousands,Not Available,Annual,National,Forest area (hectares) [15.1.1],Binh Dinh,Hectares,383.1
2019,Normal value,Thousands,Not Available,Annual,National,Forest area (hectares) [15.1.1],Binh Dinh,Hectares,380.6
2010,Normal value,Thousands,Not Available,Annual,National,Forest area (hectares) [15.1.1],Phu Yen,Hectares,178.5
2011,Normal value,Thousands,Not Available,Annual,National,Forest area (hectares) [15.1.1],Phu Yen,Hectares,181.7
2012,Normal value,Thousands,Not Available,Annual,National,Forest area (hectares) [15.1.1],Phu Yen,Hectares,181.4
2013,Normal value,Thousands,Not Available,Annual,National,Forest area (hectares) [15.1.1],Phu Yen,Hectares,182.0
2014,Normal value,Thousands,Not Available,Annual,National,Forest area (hectares) [15.1.1],Phu Yen,Hectares,183.5
2015,Normal value,Thousands,Not Available,Annual,National,Forest area (hectares) [15.1.1],Phu Yen,Hectares,194.6
2016,Normal value,Thousands,Not Available,Annual,National,Forest area (hectares) [15.1.1],Phu Yen,Hectares,232.2
2018,Normal value,Thousands,Not Available,Annual,National,Forest area (hectares) [15.1.1],Phu Yen,Hectares,231.5
2019,Normal value,Thousands,Not Available,Annual,National,Forest area (hectares) [15.1.1],Phu Yen,Hectares,236.9
2010,Normal value,Thousands,Not Available,Annual,National,Forest area (hectares) [15.1.1],Khanh  Hoa,Hectares,204.5
2011,Normal value,Thousands,Not Available,Annual,National,Forest area (hectares) [15.1.1],Khanh  Hoa,Hectares,206.1
2012,Normal value,Thousands,Not Available,Annual,National,Forest area (hectares) [15.1.1],Khanh  Hoa,Hectares,211.5
2013,Normal value,Thousands,Not Available,Annual,National,Forest area (hectares) [15.1.1],Khanh  Hoa,Hectares,212.9
2014,Normal value,Thousands,Not Available,Annual,National,Forest area (hectares) [15.1.1],Khanh  Hoa,Hectares,214.0
2015,Normal value,Thousands,Not Available,Annual,National,Forest area (hectares) [15.1.1],Khanh  Hoa,Hectares,215.0
2016,Normal value,Thousands,Not Available,Annual,National,Forest area (hectares) [15.1.1],Khanh  Hoa,Hectares,249.0
2018,Normal value,Thousands,Not Available,Annual,National,Forest area (hectares) [15.1.1],Khanh  Hoa,Hectares,247.1
2019,Normal value,Thousands,Not Available,Annual,National,Forest area (hectares) [15.1.1],Khanh  Hoa,Hectares,244.0
2010,Normal value,Thousands,Not Available,Annual,National,Forest area (hectares) [15.1.1],Ninh  Thuan,Hectares,148.7
2011,Normal value,Thousands,Not Available,Annual,National,Forest area (hectares) [15.1.1],Ninh  Thuan,Hectares,149.0
2012,Normal value,Thousands,Not Available,Annual,National,Forest area (hectares) [15.1.1],Ninh  Thuan,Hectares,148.6
2013,Normal value,Thousands,Not Available,Annual,National,Forest area (hectares) [15.1.1],Ninh  Thuan,Hectares,148.7
2014,Normal value,Thousands,Not Available,Annual,National,Forest area (hectares) [15.1.1],Ninh  Thuan,Hectares,148.8
2015,Normal value,Thousands,Not Available,Annual,National,Forest area (hectares) [15.1.1],Ninh  Thuan,Hectares,148.9
2016,Normal value,Thousands,Not Available,Annual,National,Forest area (hectares) [15.1.1],Ninh  Thuan,Hectares,144.4
2018,Normal value,Thousands,Not Available,Annual,National,Forest area (hectares) [15.1.1],Ninh  Thuan,Hectares,144.6
2019,Normal value,Thousands,Not Available,Annual,National,Forest area (hectares) [15.1.1],Ninh  Thuan,Hectares,155.4
2010,Normal value,Thousands,Not Available,Annual,National,Forest area (hectares) [15.1.1],Binh Thuan,Hectares,286.6
2011,Normal value,Thousands,Not Available,Annual,National,Forest area (hectares) [15.1.1],Binh Thuan,Hectares,300.5
2012,Normal value,Thousands,Not Available,Annual,National,Forest area (hectares) [15.1.1],Binh Thuan,Hectares,300.1
2013,Normal value,Thousands,Not Available,Annual,National,Forest area (hectares) [15.1.1],Binh Thuan,Hectares,295.6
2014,Normal value,Thousands,Not Available,Annual,National,Forest area (hectares) [15.1.1],Binh Thuan,Hectares,292.9
2015,Normal value,Thousands,Not Available,Annual,National,Forest area (hectares) [15.1.1],Binh Thuan,Hectares,326.4
2016,Normal value,Thousands,Not Available,Annual,National,Forest area (hectares) [15.1.1],Binh Thuan,Hectares,326.2
2018,Normal value,Thousands,Not Available,Annual,National,Forest area (hectares) [15.1.1],Binh Thuan,Hectares,326.1
2019,Normal value,Thousands,Not Available,Annual,National,Forest area (hectares) [15.1.1],Binh Thuan,Hectares,340.5
2010,Normal value,Thousands,Not Available,Annual,National,Forest area (hectares) [15.1.1],Kon Tum,Hectares,654.1
2011,Normal value,Thousands,Not Available,Annual,National,Forest area (hectares) [15.1.1],Kon Tum,Hectares,632.0
2012,Normal value,Thousands,Not Available,Annual,National,Forest area (hectares) [15.1.1],Kon Tum,Hectares,656.8
2013,Normal value,Thousands,Not Available,Annual,National,Forest area (hectares) [15.1.1],Kon Tum,Hectares,656.6
2014,Normal value,Thousands,Not Available,Annual,National,Forest area (hectares) [15.1.1],Kon Tum,Hectares,617.7
2015,Normal value,Thousands,Not Available,Annual,National,Forest area (hectares) [15.1.1],Kon Tum,Hectares,617.9
2016,Normal value,Thousands,Not Available,Annual,National,Forest area (hectares) [15.1.1],Kon Tum,Hectares,617.7
2018,Normal value,Thousands,Not Available,Annual,National,Forest area (hectares) [15.1.1],Kon Tum,Hectares,616.8
2019,Normal value,Thousands,Not Available,Annual,National,Forest area (hectares) [15.1.1],Kon Tum,Hectares,621.1
2010,Normal value,Thousands,Not Available,Annual,National,Forest area (hectares) [15.1.1],Gia Lai,Hectares,719.8
2011,Normal value,Thousands,Not Available,Annual,National,Forest area (hectares) [15.1.1],Gia Lai,Hectares,719.5
2012,Normal value,Thousands,Not Available,Annual,National,Forest area (hectares) [15.1.1],Gia Lai,Hectares,720.6
2013,Normal value,Thousands,Not Available,Annual,National,Forest area (hectares) [15.1.1],Gia Lai,Hectares,719.9
2014,Normal value,Thousands,Not Available,Annual,National,Forest area (hectares) [15.1.1],Gia Lai,Hectares,627.9
2015,Normal value,Thousands,Not Available,Annual,National,Forest area (hectares) [15.1.1],Gia Lai,Hectares,627.0
2016,Normal value,Thousands,Not Available,Annual,National,Forest area (hectares) [15.1.1],Gia Lai,Hectares,625.9
2018,Normal value,Thousands,Not Available,Annual,National,Forest area (hectares) [15.1.1],Gia Lai,Hectares,632.2
2019,Normal value,Thousands,Not Available,Annual,National,Forest area (hectares) [15.1.1],Gia Lai,Hectares,633.3
2010,Normal value,Thousands,Not Available,Annual,National,Forest area (hectares) [15.1.1],Dak Lak,Hectares,610.5
2011,Normal value,Thousands,Not Available,Annual,National,Forest area (hectares) [15.1.1],Dak Lak,Hectares,609.3
2012,Normal value,Thousands,Not Available,Annual,National,Forest area (hectares) [15.1.1],Dak Lak,Hectares,641.2
2013,Normal value,Thousands,Not Available,Annual,National,Forest area (hectares) [15.1.1],Dak Lak,Hectares,641.2
2014,Normal value,Thousands,Not Available,Annual,National,Forest area (hectares) [15.1.1],Dak Lak,Hectares,528.1
2015,Normal value,Thousands,Not Available,Annual,National,Forest area (hectares) [15.1.1],Dak Lak,Hectares,526.5
2016,Normal value,Thousands,Not Available,Annual,National,Forest area (hectares) [15.1.1],Dak Lak,Hectares,526.4
2018,Normal value,Thousands,Not Available,Annual,National,Forest area (hectares) [15.1.1],Dak Lak,Hectares,512.8
2019,Normal value,Thousands,Not Available,Annual,National,Forest area (hectares) [15.1.1],Dak Lak,Hectares,515.0
2010,Normal value,Thousands,Not Available,Annual,National,Forest area (hectares) [15.1.1],Dak Nong,Hectares,288.8
2011,Normal value,Thousands,Not Available,Annual,National,Forest area (hectares) [15.1.1],Dak Nong,Hectares,289.0
2012,Normal value,Thousands,Not Available,Annual,National,Forest area (hectares) [15.1.1],Dak Nong,Hectares,287.6
2013,Normal value,Thousands,Not Available,Annual,National,Forest area (hectares) [15.1.1],Dak Nong,Hectares,230.6
2014,Normal value,Thousands,Not Available,Annual,National,Forest area (hectares) [15.1.1],Dak Nong,Hectares,261.2
2015,Normal value,Thousands,Not Available,Annual,National,Forest area (hectares) [15.1.1],Dak Nong,Hectares,258.5
2016,Normal value,Thousands,Not Available,Annual,National,Forest area (hectares) [15.1.1],Dak Nong,Hectares,256.1
2018,Normal value,Thousands,Not Available,Annual,National,Forest area (hectares) [15.1.1],Dak Nong,Hectares,258.8
2019,Normal value,Thousands,Not Available,Annual,National,Forest area (hectares) [15.1.1],Dak Nong,Hectares,251.2
2010,Normal value,Thousands,Not Available,Annual,National,Forest area (hectares) [15.1.1],Lam Dong,Hectares,601.2
2011,Normal value,Thousands,Not Available,Annual,National,Forest area (hectares) [15.1.1],Lam Dong,Hectares,598.2
2012,Normal value,Thousands,Not Available,Annual,National,Forest area (hectares) [15.1.1],Lam Dong,Hectares,597.7
2013,Normal value,Thousands,Not Available,Annual,National,Forest area (hectares) [15.1.1],Lam Dong,Hectares,600.4
2014,Normal value,Thousands,Not Available,Annual,National,Forest area (hectares) [15.1.1],Lam Dong,Hectares,532.1
2015,Normal value,Thousands,Not Available,Annual,National,Forest area (hectares) [15.1.1],Lam Dong,Hectares,532.1
2016,Normal value,Thousands,Not Available,Annual,National,Forest area (hectares) [15.1.1],Lam Dong,Hectares,532.6
2018,Normal value,Thousands,Not Available,Annual,National,Forest area (hectares) [15.1.1],Lam Dong,Hectares,536.7
2019,Normal value,Thousands,Not Available,Annual,National,Forest area (hectares) [15.1.1],Lam Dong,Hectares,539.4
2010,Normal value,Thousands,Not Available,Annual,National,Forest area (hectares) [15.1.1],Binh Phuoc,Hectares,116.7
2011,Normal value,Thousands,Not Available,Annual,National,Forest area (hectares) [15.1.1],Binh Phuoc,Hectares,116.5
2012,Normal value,Thousands,Not Available,Annual,National,Forest area (hectares) [15.1.1],Binh Phuoc,Hectares,160.6
2013,Normal value,Thousands,Not Available,Annual,National,Forest area (hectares) [15.1.1],Binh Phuoc,Hectares,160.3
2014,Normal value,Thousands,Not Available,Annual,National,Forest area (hectares) [15.1.1],Binh Phuoc,Hectares,160.4
2015,Normal value,Thousands,Not Available,Annual,National,Forest area (hectares) [15.1.1],Binh Phuoc,Hectares,159.3
2016,Normal value,Thousands,Not Available,Annual,National,Forest area (hectares) [15.1.1],Binh Phuoc,Hectares,161.2
2018,Normal value,Thousands,Not Available,Annual,National,Forest area (hectares) [15.1.1],Binh Phuoc,Hectares,160.6
2019,Normal value,Thousands,Not Available,Annual,National,Forest area (hectares) [15.1.1],Binh Phuoc,Hectares,160.7
2010,Normal value,Thousands,Not Available,Annual,National,Forest area (hectares) [15.1.1],Tay Ninh,Hectares,48.1
2011,Normal value,Thousands,Not Available,Annual,National,Forest area (hectares) [15.1.1],Tay Ninh,Hectares,52.1
2012,Normal value,Thousands,Not Available,Annual,National,Forest area (hectares) [15.1.1],Tay Ninh,Hectares,57.0
2013,Normal value,Thousands,Not Available,Annual,National,Forest area (hectares) [15.1.1],Tay Ninh,Hectares,57.9
2014,Normal value,Thousands,Not Available,Annual,National,Forest area (hectares) [15.1.1],Tay Ninh,Hectares,60.1
2015,Normal value,Thousands,Not Available,Annual,National,Forest area (hectares) [15.1.1],Tay Ninh,Hectares,60.4
2016,Normal value,Thousands,Not Available,Annual,National,Forest area (hectares) [15.1.1],Tay Ninh,Hectares,66.3
2018,Normal value,Thousands,Not Available,Annual,National,Forest area (hectares) [15.1.1],Tay Ninh,Hectares,66.5
2019,Normal value,Thousands,Not Available,Annual,National,Forest area (hectares) [15.1.1],Tay Ninh,Hectares,65.7
2010,Normal value,Thousands,Not Available,Annual,National,Forest area (hectares) [15.1.1],Binh  Duong,Hectares,9.3
2011,Normal value,Thousands,Not Available,Annual,National,Forest area (hectares) [15.1.1],Binh  Duong,Hectares,9.3
2012,Normal value,Thousands,Not Available,Annual,National,Forest area (hectares) [15.1.1],Binh  Duong,Hectares,10.2
2013,Normal value,Thousands,Not Available,Annual,National,Forest area (hectares) [15.1.1],Binh  Duong,Hectares,10.2
2014,Normal value,Thousands,Not Available,Annual,National,Forest area (hectares) [15.1.1],Binh  Duong,Hectares,10.2
2015,Normal value,Thousands,Not Available,Annual,National,Forest area (hectares) [15.1.1],Binh  Duong,Hectares,10.2
2016,Normal value,Thousands,Not Available,Annual,National,Forest area (hectares) [15.1.1],Binh  Duong,Hectares,10.4
2018,Normal value,Thousands,Not Available,Annual,National,Forest area (hectares) [15.1.1],Binh  Duong,Hectares,10.3
2019,Normal value,Thousands,Not Available,Annual,National,Forest area (hectares) [15.1.1],Binh  Duong,Hectares,10.0
2010,Normal value,Thousands,Not Available,Annual,National,Forest area (hectares) [15.1.1],Dong Nai,Hectares,167.9
2011,Normal value,Thousands,Not Available,Annual,National,Forest area (hectares) [15.1.1],Dong Nai,Hectares,179.7
2012,Normal value,Thousands,Not Available,Annual,National,Forest area (hectares) [15.1.1],Dong Nai,Hectares,178.7
2013,Normal value,Thousands,Not Available,Annual,National,Forest area (hectares) [15.1.1],Dong Nai,Hectares,177.9
2014,Normal value,Thousands,Not Available,Annual,National,Forest area (hectares) [15.1.1],Dong Nai,Hectares,185.4
2015,Normal value,Thousands,Not Available,Annual,National,Forest area (hectares) [15.1.1],Dong Nai,Hectares,184.2
2016,Normal value,Thousands,Not Available,Annual,National,Forest area (hectares) [15.1.1],Dong Nai,Hectares,182.3
2018,Normal value,Thousands,Not Available,Annual,National,Forest area (hectares) [15.1.1],Dong Nai,Hectares,184.5
2019,Normal value,Thousands,Not Available,Annual,National,Forest area (hectares) [15.1.1],Dong Nai,Hectares,182.7
2010,Normal value,Thousands,Not Available,Annual,National,Forest area (hectares) [15.1.1],Ba Ria - Vung Tau,Hectares,26.7
2011,Normal value,Thousands,Not Available,Annual,National,Forest area (hectares) [15.1.1],Ba Ria - Vung Tau,Hectares,26.1
2012,Normal value,Thousands,Not Available,Annual,National,Forest area (hectares) [15.1.1],Ba Ria - Vung Tau,Hectares,26.0
2013,Normal value,Thousands,Not Available,Annual,National,Forest area (hectares) [15.1.1],Ba Ria - Vung Tau,Hectares,26.1
2014,Normal value,Thousands,Not Available,Annual,National,Forest area (hectares) [15.1.1],Ba Ria - Vung Tau,Hectares,25.6
2015,Normal value,Thousands,Not Available,Annual,National,Forest area (hectares) [15.1.1],Ba Ria - Vung Tau,Hectares,25.4
2016,Normal value,Thousands,Not Available,Annual,National,Forest area (hectares) [15.1.1],Ba Ria - Vung Tau,Hectares,28.3
2018,Normal value,Thousands,Not Available,Annual,National,Forest area (hectares) [15.1.1],Ba Ria - Vung Tau,Hectares,28.2
2019,Normal value,Thousands,Not Available,Annual,National,Forest area (hectares) [15.1.1],Ba Ria - Vung Tau,Hectares,28.4
2010,Normal value,Thousands,Not Available,Annual,National,Forest area (hectares) [15.1.1],Ho Chi Minh city,Hectares,39.3
2011,Normal value,Thousands,Not Available,Annual,National,Forest area (hectares) [15.1.1],Ho Chi Minh city,Hectares,39.3
2012,Normal value,Thousands,Not Available,Annual,National,Forest area (hectares) [15.1.1],Ho Chi Minh city,Hectares,39.3
2013,Normal value,Thousands,Not Available,Annual,National,Forest area (hectares) [15.1.1],Ho Chi Minh city,Hectares,34.4
2014,Normal value,Thousands,Not Available,Annual,National,Forest area (hectares) [15.1.1],Ho Chi Minh city,Hectares,34.4
2015,Normal value,Thousands,Not Available,Annual,National,Forest area (hectares) [15.1.1],Ho Chi Minh city,Hectares,34.4
2016,Normal value,Thousands,Not Available,Annual,National,Forest area (hectares) [15.1.1],Ho Chi Minh city,Hectares,36.6
2018,Normal value,Thousands,Not Available,Annual,National,Forest area (hectares) [15.1.1],Ho Chi Minh city,Hectares,36.6
2019,Normal value,Thousands,Not Available,Annual,National,Forest area (hectares) [15.1.1],Ho Chi Minh city,Hectares,33.5
2010,Normal value,Thousands,Not Available,Annual,National,Forest area (hectares) [15.1.1],Long An,Hectares,38.2
2011,Normal value,Thousands,Not Available,Annual,National,Forest area (hectares) [15.1.1],Long An,Hectares,33.4
2012,Normal value,Thousands,Not Available,Annual,National,Forest area (hectares) [15.1.1],Long An,Hectares,29.7
2013,Normal value,Thousands,Not Available,Annual,National,Forest area (hectares) [15.1.1],Long An,Hectares,28.0
2014,Normal value,Thousands,Not Available,Annual,National,Forest area (hectares) [15.1.1],Long An,Hectares,25.7
2015,Normal value,Thousands,Not Available,Annual,National,Forest area (hectares) [15.1.1],Long An,Hectares,25.6
2016,Normal value,Thousands,Not Available,Annual,National,Forest area (hectares) [15.1.1],Long An,Hectares,23.0
2018,Normal value,Thousands,Not Available,Annual,National,Forest area (hectares) [15.1.1],Long An,Hectares,22.5
2019,Normal value,Thousands,Not Available,Annual,National,Forest area (hectares) [15.1.1],Long An,Hectares,22.6
2010,Normal value,Thousands,Not Available,Annual,National,Forest area (hectares) [15.1.1],Tien Giang,Hectares,7.7
2011,Normal value,Thousands,Not Available,Annual,National,Forest area (hectares) [15.1.1],Tien Giang,Hectares,6.3
2012,Normal value,Thousands,Not Available,Annual,National,Forest area (hectares) [15.1.1],Tien Giang,Hectares,5.5
2013,Normal value,Thousands,Not Available,Annual,National,Forest area (hectares) [15.1.1],Tien Giang,Hectares,3.9
2014,Normal value,Thousands,Not Available,Annual,National,Forest area (hectares) [15.1.1],Tien Giang,Hectares,3.9
2015,Normal value,Thousands,Not Available,Annual,National,Forest area (hectares) [15.1.1],Tien Giang,Hectares,3.8
2016,Normal value,Thousands,Not Available,Annual,National,Forest area (hectares) [15.1.1],Tien Giang,Hectares,3.4
2018,Normal value,Thousands,Not Available,Annual,National,Forest area (hectares) [15.1.1],Tien Giang,Hectares,2.6
2019,Normal value,Thousands,Not Available,Annual,National,Forest area (hectares) [15.1.1],Tien Giang,Hectares,2.6
2010,Normal value,Thousands,Not Available,Annual,National,Forest area (hectares) [15.1.1],Ben Tre,Hectares,3.9
2011,Normal value,Thousands,Not Available,Annual,National,Forest area (hectares) [15.1.1],Ben Tre,Hectares,4.0
2012,Normal value,Thousands,Not Available,Annual,National,Forest area (hectares) [15.1.1],Ben Tre,Hectares,4.0
2013,Normal value,Thousands,Not Available,Annual,National,Forest area (hectares) [15.1.1],Ben Tre,Hectares,3.9
2014,Normal value,Thousands,Not Available,Annual,National,Forest area (hectares) [15.1.1],Ben Tre,Hectares,4.1
2015,Normal value,Thousands,Not Available,Annual,National,Forest area (hectares) [15.1.1],Ben Tre,Hectares,4.1
2016,Normal value,Thousands,Not Available,Annual,National,Forest area (hectares) [15.1.1],Ben Tre,Hectares,4.2
2018,Normal value,Thousands,Not Available,Annual,National,Forest area (hectares) [15.1.1],Ben Tre,Hectares,4.2
2019,Normal value,Thousands,Not Available,Annual,National,Forest area (hectares) [15.1.1],Ben Tre,Hectares,4.4
2010,Normal value,Thousands,Not Available,Annual,National,Forest area (hectares) [15.1.1],Tra Vinh,Hectares,7.5
2011,Normal value,Thousands,Not Available,Annual,National,Forest area (hectares) [15.1.1],Tra Vinh,Hectares,7.5
2012,Normal value,Thousands,Not Available,Annual,National,Forest area (hectares) [15.1.1],Tra Vinh,Hectares,7.5
2013,Normal value,Thousands,Not Available,Annual,National,Forest area (hectares) [15.1.1],Tra Vinh,Hectares,7.8
2014,Normal value,Thousands,Not Available,Annual,National,Forest area (hectares) [15.1.1],Tra Vinh,Hectares,8.2
2015,Normal value,Thousands,Not Available,Annual,National,Forest area (hectares) [15.1.1],Tra Vinh,Hectares,8.7
2016,Normal value,Thousands,Not Available,Annual,National,Forest area (hectares) [15.1.1],Tra Vinh,Hectares,9.0
2018,Normal value,Thousands,Not Available,Annual,National,Forest area (hectares) [15.1.1],Tra Vinh,Hectares,9.0
2019,Normal value,Thousands,Not Available,Annual,National,Forest area (hectares) [15.1.1],Tra Vinh,Hectares,9.2
2010,Normal value,Thousands,Not Available,Annual,National,Forest area (hectares) [15.1.1],Dong Thap,Hectares,7.6
2011,Normal value,Thousands,Not Available,Annual,National,Forest area (hectares) [15.1.1],Dong Thap,Hectares,7.1
2012,Normal value,Thousands,Not Available,Annual,National,Forest area (hectares) [15.1.1],Dong Thap,Hectares,6.7
2013,Normal value,Thousands,Not Available,Annual,National,Forest area (hectares) [15.1.1],Dong Thap,Hectares,44.1
2014,Normal value,Thousands,Not Available,Annual,National,Forest area (hectares) [15.1.1],Dong Thap,Hectares,52.4
2015,Normal value,Thousands,Not Available,Annual,National,Forest area (hectares) [15.1.1],Dong Thap,Hectares,52.2
2016,Normal value,Thousands,Not Available,Annual,National,Forest area (hectares) [15.1.1],Dong Thap,Hectares,6.1
2018,Normal value,Thousands,Not Available,Annual,National,Forest area (hectares) [15.1.1],Dong Thap,Hectares,6.1
2019,Normal value,Thousands,Not Available,Annual,National,Forest area (hectares) [15.1.1],Dong Thap,Hectares,6.1
2010,Normal value,Thousands,Not Available,Annual,National,Forest area (hectares) [15.1.1],An Giang,Hectares,13.8
2011,Normal value,Thousands,Not Available,Annual,National,Forest area (hectares) [15.1.1],An Giang,Hectares,12.5
2012,Normal value,Thousands,Not Available,Annual,National,Forest area (hectares) [15.1.1],An Giang,Hectares,12.3
2013,Normal value,Thousands,Not Available,Annual,National,Forest area (hectares) [15.1.1],An Giang,Hectares,12.3
2014,Normal value,Thousands,Not Available,Annual,National,Forest area (hectares) [15.1.1],An Giang,Hectares,12.2
2015,Normal value,Thousands,Not Available,Annual,National,Forest area (hectares) [15.1.1],An Giang,Hectares,12.2
2016,Normal value,Thousands,Not Available,Annual,National,Forest area (hectares) [15.1.1],An Giang,Hectares,12.9
2018,Normal value,Thousands,Not Available,Annual,National,Forest area (hectares) [15.1.1],An Giang,Hectares,13.7
2019,Normal value,Thousands,Not Available,Annual,National,Forest area (hectares) [15.1.1],An Giang,Hectares,13.7
2010,Normal value,Thousands,Not Available,Annual,National,Forest area (hectares) [15.1.1],Kien  Giang,Hectares,72.6
2011,Normal value,Thousands,Not Available,Annual,National,Forest area (hectares) [15.1.1],Kien  Giang,Hectares,71.1
2012,Normal value,Thousands,Not Available,Annual,National,Forest area (hectares) [15.1.1],Kien  Giang,Hectares,63.8
2013,Normal value,Thousands,Not Available,Annual,National,Forest area (hectares) [15.1.1],Kien  Giang,Hectares,61.7
2014,Normal value,Thousands,Not Available,Annual,National,Forest area (hectares) [15.1.1],Kien  Giang,Hectares,55.5
2015,Normal value,Thousands,Not Available,Annual,National,Forest area (hectares) [15.1.1],Kien  Giang,Hectares,55.3
2016,Normal value,Thousands,Not Available,Annual,National,Forest area (hectares) [15.1.1],Kien  Giang,Hectares,55.2
2018,Normal value,Thousands,Not Available,Annual,National,Forest area (hectares) [15.1.1],Kien  Giang,Hectares,70.5
2019,Normal value,Thousands,Not Available,Annual,National,Forest area (hectares) [15.1.1],Kien  Giang,Hectares,76.2
2010,Normal value,Thousands,Not Available,Annual,National,Forest area (hectares) [15.1.1],Hau Giang,Hectares,2.6
2011,Normal value,Thousands,Not Available,Annual,National,Forest area (hectares) [15.1.1],Hau Giang,Hectares,2.9
2012,Normal value,Thousands,Not Available,Annual,National,Forest area (hectares) [15.1.1],Hau Giang,Hectares,3.3
2013,Normal value,Thousands,Not Available,Annual,National,Forest area (hectares) [15.1.1],Hau Giang,Hectares,2.5
2014,Normal value,Thousands,Not Available,Annual,National,Forest area (hectares) [15.1.1],Hau Giang,Hectares,2.5
2015,Normal value,Thousands,Not Available,Annual,National,Forest area (hectares) [15.1.1],Hau Giang,Hectares,2.6
2016,Normal value,Thousands,Not Available,Annual,National,Forest area (hectares) [15.1.1],Hau Giang,Hectares,2.8
2018,Normal value,Thousands,Not Available,Annual,National,Forest area (hectares) [15.1.1],Hau Giang,Hectares,3.1
2019,Normal value,Thousands,Not Available,Annual,National,Forest area (hectares) [15.1.1],Hau Giang,Hectares,3.2
2010,Normal value,Thousands,Not Available,Annual,National,Forest area (hectares) [15.1.1],Soc Trang,Hectares,10.6
2011,Normal value,Thousands,Not Available,Annual,National,Forest area (hectares) [15.1.1],Soc Trang,Hectares,10.6
2012,Normal value,Thousands,Not Available,Annual,National,Forest area (hectares) [15.1.1],Soc Trang,Hectares,10.3
2013,Normal value,Thousands,Not Available,Annual,National,Forest area (hectares) [15.1.1],Soc Trang,Hectares,10.3
2014,Normal value,Thousands,Not Available,Annual,National,Forest area (hectares) [15.1.1],Soc Trang,Hectares,9.4
2015,Normal value,Thousands,Not Available,Annual,National,Forest area (hectares) [15.1.1],Soc Trang,Hectares,10.5
2016,Normal value,Thousands,Not Available,Annual,National,Forest area (hectares) [15.1.1],Soc Trang,Hectares,10.7
2018,Normal value,Thousands,Not Available,Annual,National,Forest area (hectares) [15.1.1],Soc Trang,Hectares,11.1
2019,Normal value,Thousands,Not Available,Annual,National,Forest area (hectares) [15.1.1],Soc Trang,Hectares,10.7
2010,Normal value,Thousands,Not Available,Annual,National,Forest area (hectares) [15.1.1],Bac Lieu,Hectares,4.0
2011,Normal value,Thousands,Not Available,Annual,National,Forest area (hectares) [15.1.1],Bac Lieu,Hectares,4.0
2012,Normal value,Thousands,Not Available,Annual,National,Forest area (hectares) [15.1.1],Bac Lieu,Hectares,3.4
2013,Normal value,Thousands,Not Available,Annual,National,Forest area (hectares) [15.1.1],Bac Lieu,Hectares,3.4
2014,Normal value,Thousands,Not Available,Annual,National,Forest area (hectares) [15.1.1],Bac Lieu,Hectares,4.6
2015,Normal value,Thousands,Not Available,Annual,National,Forest area (hectares) [15.1.1],Bac Lieu,Hectares,4.6
2016,Normal value,Thousands,Not Available,Annual,National,Forest area (hectares) [15.1.1],Bac Lieu,Hectares,4.6
2018,Normal value,Thousands,Not Available,Annual,National,Forest area (hectares) [15.1.1],Bac Lieu,Hectares,4.7
2019,Normal value,Thousands,Not Available,Annual,National,Forest area (hectares) [15.1.1],Bac Lieu,Hectares,4.5
2010,Normal value,Thousands,Not Available,Annual,National,Forest area (hectares) [15.1.1],Ca Mau,Hectares,100.4
2011,Normal value,Thousands,Not Available,Annual,National,Forest area (hectares) [15.1.1],Ca Mau,Hectares,100.7
2012,Normal value,Thousands,Not Available,Annual,National,Forest area (hectares) [15.1.1],Ca Mau,Hectares,102.7
2013,Normal value,Thousands,Not Available,Annual,National,Forest area (hectares) [15.1.1],Ca Mau,Hectares,104.2
2014,Normal value,Thousands,Not Available,Annual,National,Forest area (hectares) [15.1.1],Ca Mau,Hectares,92.3
2015,Normal value,Thousands,Not Available,Annual,National,Forest area (hectares) [15.1.1],Ca Mau,Hectares,92.4
2016,Normal value,Thousands,Not Available,Annual,National,Forest area (hectares) [15.1.1],Ca Mau,Hectares,94.2
2018,Normal value,Thousands,Not Available,Annual,National,Forest area (hectares) [15.1.1],Ca Mau,Hectares,95.5
2019,Normal value,Thousands,Not Available,Annual,National,Forest area (hectares) [15.1.1],Ca Mau,Hectares,96.1
