Year,Observation status,Unit multiplier,Nature of data points,Frequency of observation,Reporting type,SERIES,Reference area,UNIT_MEASURE,Value
2012,Normal value,Units,Not Available,Annual,National,Tuberculosis incidence [3.3.2],Viet Nam,Per 100 population,117.0
2013,Normal value,Units,Not Available,Annual,National,Tuberculosis incidence [3.3.2],Viet Nam,Per 100 population,113.9
2014,Normal value,Units,Not Available,Annual,National,Tuberculosis incidence [3.3.2],Viet Nam,Per 100 population,113.8
2015,Normal value,Units,Not Available,Annual,National,Tuberculosis incidence [3.3.2],Viet Nam,Per 100 population,112.0
2016,Normal value,Units,Not Available,Annual,National,Tuberculosis incidence [3.3.2],Viet Nam,Per 100 population,114.9
2017,Normal value,Units,Not Available,Annual,National,Tuberculosis incidence [3.3.2],Viet Nam,Per 100 population,110.0
2018,Normal value,Units,Not Available,Annual,National,Tuberculosis incidence [3.3.2],Viet Nam,Per 100 population,108.8
2019,Normal value,Units,Not Available,Annual,National,Tuberculosis incidence [3.3.2],Viet Nam,Per 100 population,104.0
