Year,Observation status,Unit multiplier,Nature of data points,Frequency of observation,Reporting type,SERIES,Reference area,UNIT_MEASURE,Value
2011,Normal value,Units,Not Available,Annual,National,"Number of new HIV infections per 1,000 uninfected population [3.3.1]",Viet Nam,"Per 1,000 uninfected population",2.25
2012,Normal value,Units,Not Available,Annual,National,"Number of new HIV infections per 1,000 uninfected population [3.3.1]",Viet Nam,"Per 1,000 uninfected population",2.38
2014,Normal value,Units,Not Available,Annual,National,"Number of new HIV infections per 1,000 uninfected population [3.3.1]",Viet Nam,"Per 1,000 uninfected population",2.43
2015,Normal value,Units,Not Available,Annual,National,"Number of new HIV infections per 1,000 uninfected population [3.3.1]",Viet Nam,"Per 1,000 uninfected population",2.51
2016,Normal value,Units,Not Available,Annual,National,"Number of new HIV infections per 1,000 uninfected population [3.3.1]",Viet Nam,"Per 1,000 uninfected population",2.52
2017,Normal value,Units,Not Available,Annual,National,"Number of new HIV infections per 1,000 uninfected population [3.3.1]",Viet Nam,"Per 1,000 uninfected population",2.44
2018,Normal value,Units,Not Available,Annual,National,"Number of new HIV infections per 1,000 uninfected population [3.3.1]",Viet Nam,"Per 1,000 uninfected population",2.34
2019,Normal value,Units,Not Available,Annual,National,"Number of new HIV infections per 1,000 uninfected population [3.3.1]",Viet Nam,"Per 1,000 uninfected population",2.25
