Year,Observation status,Unit multiplier,Nature of data points,Frequency of observation,Reporting type,SERIES,Reference area,UNIT_MEASURE,Value
2010,Normal value,Units,Not Available,Annual,National,Number of deaths rate due to road traffic injuries [3.6.1],Viet Nam,Number,11060
2011,Normal value,Units,Not Available,Annual,National,Number of deaths rate due to road traffic injuries [3.6.1],Viet Nam,Number,10800
2012,Normal value,Units,Not Available,Annual,National,Number of deaths rate due to road traffic injuries [3.6.1],Viet Nam,Number,9540
2013,Normal value,Units,Not Available,Annual,National,Number of deaths rate due to road traffic injuries [3.6.1],Viet Nam,Number,9627
2014,Normal value,Units,Not Available,Annual,National,Number of deaths rate due to road traffic injuries [3.6.1],Viet Nam,Number,8845
2015,Normal value,Units,Not Available,Annual,National,Number of deaths rate due to road traffic injuries [3.6.1],Viet Nam,Number,8435
2016,Normal value,Units,Not Available,Annual,National,Number of deaths rate due to road traffic injuries [3.6.1],Viet Nam,Number,8417
2017,Normal value,Units,Not Available,Annual,National,Number of deaths rate due to road traffic injuries [3.6.1],Viet Nam,Number,8089
2018,Normal value,Units,Not Available,Annual,National,Number of deaths rate due to road traffic injuries [3.6.1],Viet Nam,Number,8079
2019,Normal value,Units,Not Available,Annual,National,Number of deaths rate due to road traffic injuries [3.6.1],Viet Nam,Number,7472
2010,Normal value,Units,Not Available,Annual,National,Number of deaths rate due to road traffic injuries [3.6.1],Ha Noi,Number,754
2011,Normal value,Units,Not Available,Annual,National,Number of deaths rate due to road traffic injuries [3.6.1],Ha Noi,Number,714
2012,Normal value,Units,Not Available,Annual,National,Number of deaths rate due to road traffic injuries [3.6.1],Ha Noi,Number,585
2013,Normal value,Units,Not Available,Annual,National,Number of deaths rate due to road traffic injuries [3.6.1],Ha Noi,Number,626
2014,Normal value,Units,Not Available,Annual,National,Number of deaths rate due to road traffic injuries [3.6.1],Ha Noi,Number,584
2015,Normal value,Units,Not Available,Annual,National,Number of deaths rate due to road traffic injuries [3.6.1],Ha Noi,Number,567
2016,Normal value,Units,Not Available,Annual,National,Number of deaths rate due to road traffic injuries [3.6.1],Ha Noi,Number,0
2017,Normal value,Units,Not Available,Annual,National,Number of deaths rate due to road traffic injuries [3.6.1],Ha Noi,Number,562
2018,Normal value,Units,Not Available,Annual,National,Number of deaths rate due to road traffic injuries [3.6.1],Ha Noi,Number,532
2019,Normal value,Units,Not Available,Annual,National,Number of deaths rate due to road traffic injuries [3.6.1],Ha Noi,Number,493
2010,Normal value,Units,Not Available,Annual,National,Number of deaths rate due to road traffic injuries [3.6.1],Vinh Phuc,Number,86
2011,Normal value,Units,Not Available,Annual,National,Number of deaths rate due to road traffic injuries [3.6.1],Vinh Phuc,Number,84
2012,Normal value,Units,Not Available,Annual,National,Number of deaths rate due to road traffic injuries [3.6.1],Vinh Phuc,Number,52
2013,Normal value,Units,Not Available,Annual,National,Number of deaths rate due to road traffic injuries [3.6.1],Vinh Phuc,Number,47
2014,Normal value,Units,Not Available,Annual,National,Number of deaths rate due to road traffic injuries [3.6.1],Vinh Phuc,Number,40
2015,Normal value,Units,Not Available,Annual,National,Number of deaths rate due to road traffic injuries [3.6.1],Vinh Phuc,Number,36
2016,Normal value,Units,Not Available,Annual,National,Number of deaths rate due to road traffic injuries [3.6.1],Vinh Phuc,Number,37
2017,Normal value,Units,Not Available,Annual,National,Number of deaths rate due to road traffic injuries [3.6.1],Vinh Phuc,Number,50
2018,Normal value,Units,Not Available,Annual,National,Number of deaths rate due to road traffic injuries [3.6.1],Vinh Phuc,Number,33
2019,Normal value,Units,Not Available,Annual,National,Number of deaths rate due to road traffic injuries [3.6.1],Vinh Phuc,Number,31
2010,Normal value,Units,Not Available,Annual,National,Number of deaths rate due to road traffic injuries [3.6.1],Bac Ninh,Number,179
2011,Normal value,Units,Not Available,Annual,National,Number of deaths rate due to road traffic injuries [3.6.1],Bac Ninh,Number,104
2012,Normal value,Units,Not Available,Annual,National,Number of deaths rate due to road traffic injuries [3.6.1],Bac Ninh,Number,108
2013,Normal value,Units,Not Available,Annual,National,Number of deaths rate due to road traffic injuries [3.6.1],Bac Ninh,Number,109
2014,Normal value,Units,Not Available,Annual,National,Number of deaths rate due to road traffic injuries [3.6.1],Bac Ninh,Number,104
2015,Normal value,Units,Not Available,Annual,National,Number of deaths rate due to road traffic injuries [3.6.1],Bac Ninh,Number,97
2016,Normal value,Units,Not Available,Annual,National,Number of deaths rate due to road traffic injuries [3.6.1],Bac Ninh,Number,89
2017,Normal value,Units,Not Available,Annual,National,Number of deaths rate due to road traffic injuries [3.6.1],Bac Ninh,Number,87
2018,Normal value,Units,Not Available,Annual,National,Number of deaths rate due to road traffic injuries [3.6.1],Bac Ninh,Number,83
2019,Normal value,Units,Not Available,Annual,National,Number of deaths rate due to road traffic injuries [3.6.1],Bac Ninh,Number,80
2010,Normal value,Units,Not Available,Annual,National,Number of deaths rate due to road traffic injuries [3.6.1],Quang Ninh,Number,162
2011,Normal value,Units,Not Available,Annual,National,Number of deaths rate due to road traffic injuries [3.6.1],Quang Ninh,Number,129
2012,Normal value,Units,Not Available,Annual,National,Number of deaths rate due to road traffic injuries [3.6.1],Quang Ninh,Number,128
2013,Normal value,Units,Not Available,Annual,National,Number of deaths rate due to road traffic injuries [3.6.1],Quang Ninh,Number,112
2014,Normal value,Units,Not Available,Annual,National,Number of deaths rate due to road traffic injuries [3.6.1],Quang Ninh,Number,92
2015,Normal value,Units,Not Available,Annual,National,Number of deaths rate due to road traffic injuries [3.6.1],Quang Ninh,Number,86
2016,Normal value,Units,Not Available,Annual,National,Number of deaths rate due to road traffic injuries [3.6.1],Quang Ninh,Number,81
2017,Normal value,Units,Not Available,Annual,National,Number of deaths rate due to road traffic injuries [3.6.1],Quang Ninh,Number,115
2018,Normal value,Units,Not Available,Annual,National,Number of deaths rate due to road traffic injuries [3.6.1],Quang Ninh,Number,66
2019,Normal value,Units,Not Available,Annual,National,Number of deaths rate due to road traffic injuries [3.6.1],Quang Ninh,Number,66
2010,Normal value,Units,Not Available,Annual,National,Number of deaths rate due to road traffic injuries [3.6.1],Hai Duong,Number,226
2011,Normal value,Units,Not Available,Annual,National,Number of deaths rate due to road traffic injuries [3.6.1],Hai Duong,Number,195
2012,Normal value,Units,Not Available,Annual,National,Number of deaths rate due to road traffic injuries [3.6.1],Hai Duong,Number,172
2013,Normal value,Units,Not Available,Annual,National,Number of deaths rate due to road traffic injuries [3.6.1],Hai Duong,Number,159
2014,Normal value,Units,Not Available,Annual,National,Number of deaths rate due to road traffic injuries [3.6.1],Hai Duong,Number,154
2015,Normal value,Units,Not Available,Annual,National,Number of deaths rate due to road traffic injuries [3.6.1],Hai Duong,Number,130
2016,Normal value,Units,Not Available,Annual,National,Number of deaths rate due to road traffic injuries [3.6.1],Hai Duong,Number,188
2017,Normal value,Units,Not Available,Annual,National,Number of deaths rate due to road traffic injuries [3.6.1],Hai Duong,Number,90
2018,Normal value,Units,Not Available,Annual,National,Number of deaths rate due to road traffic injuries [3.6.1],Hai Duong,Number,189
2019,Normal value,Units,Not Available,Annual,National,Number of deaths rate due to road traffic injuries [3.6.1],Hai Duong,Number,201
2010,Normal value,Units,Not Available,Annual,National,Number of deaths rate due to road traffic injuries [3.6.1],Hai Phong,Number,130
2011,Normal value,Units,Not Available,Annual,National,Number of deaths rate due to road traffic injuries [3.6.1],Hai Phong,Number,126
2012,Normal value,Units,Not Available,Annual,National,Number of deaths rate due to road traffic injuries [3.6.1],Hai Phong,Number,104
2013,Normal value,Units,Not Available,Annual,National,Number of deaths rate due to road traffic injuries [3.6.1],Hai Phong,Number,96
2014,Normal value,Units,Not Available,Annual,National,Number of deaths rate due to road traffic injuries [3.6.1],Hai Phong,Number,92
2015,Normal value,Units,Not Available,Annual,National,Number of deaths rate due to road traffic injuries [3.6.1],Hai Phong,Number,84
2016,Normal value,Units,Not Available,Annual,National,Number of deaths rate due to road traffic injuries [3.6.1],Hai Phong,Number,87
2017,Normal value,Units,Not Available,Annual,National,Number of deaths rate due to road traffic injuries [3.6.1],Hai Phong,Number,71
2018,Normal value,Units,Not Available,Annual,National,Number of deaths rate due to road traffic injuries [3.6.1],Hai Phong,Number,83
2019,Normal value,Units,Not Available,Annual,National,Number of deaths rate due to road traffic injuries [3.6.1],Hai Phong,Number,77
2010,Normal value,Units,Not Available,Annual,National,Number of deaths rate due to road traffic injuries [3.6.1],Hung Yen,Number,183
2011,Normal value,Units,Not Available,Annual,National,Number of deaths rate due to road traffic injuries [3.6.1],Hung Yen,Number,173
2012,Normal value,Units,Not Available,Annual,National,Number of deaths rate due to road traffic injuries [3.6.1],Hung Yen,Number,146
2013,Normal value,Units,Not Available,Annual,National,Number of deaths rate due to road traffic injuries [3.6.1],Hung Yen,Number,149
2014,Normal value,Units,Not Available,Annual,National,Number of deaths rate due to road traffic injuries [3.6.1],Hung Yen,Number,134
2015,Normal value,Units,Not Available,Annual,National,Number of deaths rate due to road traffic injuries [3.6.1],Hung Yen,Number,115
2016,Normal value,Units,Not Available,Annual,National,Number of deaths rate due to road traffic injuries [3.6.1],Hung Yen,Number,112
2017,Normal value,Units,Not Available,Annual,National,Number of deaths rate due to road traffic injuries [3.6.1],Hung Yen,Number,83
2018,Normal value,Units,Not Available,Annual,National,Number of deaths rate due to road traffic injuries [3.6.1],Hung Yen,Number,111
2019,Normal value,Units,Not Available,Annual,National,Number of deaths rate due to road traffic injuries [3.6.1],Hung Yen,Number,110
2010,Normal value,Units,Not Available,Annual,National,Number of deaths rate due to road traffic injuries [3.6.1],Thai Binh,Number,65
2011,Normal value,Units,Not Available,Annual,National,Number of deaths rate due to road traffic injuries [3.6.1],Thai Binh,Number,64
2012,Normal value,Units,Not Available,Annual,National,Number of deaths rate due to road traffic injuries [3.6.1],Thai Binh,Number,60
2013,Normal value,Units,Not Available,Annual,National,Number of deaths rate due to road traffic injuries [3.6.1],Thai Binh,Number,72
2014,Normal value,Units,Not Available,Annual,National,Number of deaths rate due to road traffic injuries [3.6.1],Thai Binh,Number,70
2015,Normal value,Units,Not Available,Annual,National,Number of deaths rate due to road traffic injuries [3.6.1],Thai Binh,Number,68
2016,Normal value,Units,Not Available,Annual,National,Number of deaths rate due to road traffic injuries [3.6.1],Thai Binh,Number,67
2017,Normal value,Units,Not Available,Annual,National,Number of deaths rate due to road traffic injuries [3.6.1],Thai Binh,Number,81
2018,Normal value,Units,Not Available,Annual,National,Number of deaths rate due to road traffic injuries [3.6.1],Thai Binh,Number,65
2019,Normal value,Units,Not Available,Annual,National,Number of deaths rate due to road traffic injuries [3.6.1],Thai Binh,Number,62
2010,Normal value,Units,Not Available,Annual,National,Number of deaths rate due to road traffic injuries [3.6.1],Ha Nam,Number,95
2011,Normal value,Units,Not Available,Annual,National,Number of deaths rate due to road traffic injuries [3.6.1],Ha Nam,Number,88
2012,Normal value,Units,Not Available,Annual,National,Number of deaths rate due to road traffic injuries [3.6.1],Ha Nam,Number,88
2013,Normal value,Units,Not Available,Annual,National,Number of deaths rate due to road traffic injuries [3.6.1],Ha Nam,Number,88
2014,Normal value,Units,Not Available,Annual,National,Number of deaths rate due to road traffic injuries [3.6.1],Ha Nam,Number,89
2015,Normal value,Units,Not Available,Annual,National,Number of deaths rate due to road traffic injuries [3.6.1],Ha Nam,Number,76
2016,Normal value,Units,Not Available,Annual,National,Number of deaths rate due to road traffic injuries [3.6.1],Ha Nam,Number,80
2017,Normal value,Units,Not Available,Annual,National,Number of deaths rate due to road traffic injuries [3.6.1],Ha Nam,Number,77
2018,Normal value,Units,Not Available,Annual,National,Number of deaths rate due to road traffic injuries [3.6.1],Ha Nam,Number,75
2019,Normal value,Units,Not Available,Annual,National,Number of deaths rate due to road traffic injuries [3.6.1],Ha Nam,Number,73
2010,Normal value,Units,Not Available,Annual,National,Number of deaths rate due to road traffic injuries [3.6.1],Nam Dinh,Number,74
2011,Normal value,Units,Not Available,Annual,National,Number of deaths rate due to road traffic injuries [3.6.1],Nam Dinh,Number,64
2012,Normal value,Units,Not Available,Annual,National,Number of deaths rate due to road traffic injuries [3.6.1],Nam Dinh,Number,67
2013,Normal value,Units,Not Available,Annual,National,Number of deaths rate due to road traffic injuries [3.6.1],Nam Dinh,Number,67
2014,Normal value,Units,Not Available,Annual,National,Number of deaths rate due to road traffic injuries [3.6.1],Nam Dinh,Number,64
2015,Normal value,Units,Not Available,Annual,National,Number of deaths rate due to road traffic injuries [3.6.1],Nam Dinh,Number,64
2016,Normal value,Units,Not Available,Annual,National,Number of deaths rate due to road traffic injuries [3.6.1],Nam Dinh,Number,62
2017,Normal value,Units,Not Available,Annual,National,Number of deaths rate due to road traffic injuries [3.6.1],Nam Dinh,Number,189
2018,Normal value,Units,Not Available,Annual,National,Number of deaths rate due to road traffic injuries [3.6.1],Nam Dinh,Number,60
2019,Normal value,Units,Not Available,Annual,National,Number of deaths rate due to road traffic injuries [3.6.1],Nam Dinh,Number,53
2010,Normal value,Units,Not Available,Annual,National,Number of deaths rate due to road traffic injuries [3.6.1],Ninh Binh,Number,92
2011,Normal value,Units,Not Available,Annual,National,Number of deaths rate due to road traffic injuries [3.6.1],Ninh Binh,Number,80
2012,Normal value,Units,Not Available,Annual,National,Number of deaths rate due to road traffic injuries [3.6.1],Ninh Binh,Number,73
2013,Normal value,Units,Not Available,Annual,National,Number of deaths rate due to road traffic injuries [3.6.1],Ninh Binh,Number,70
2014,Normal value,Units,Not Available,Annual,National,Number of deaths rate due to road traffic injuries [3.6.1],Ninh Binh,Number,66
2015,Normal value,Units,Not Available,Annual,National,Number of deaths rate due to road traffic injuries [3.6.1],Ninh Binh,Number,54
2016,Normal value,Units,Not Available,Annual,National,Number of deaths rate due to road traffic injuries [3.6.1],Ninh Binh,Number,52
2017,Normal value,Units,Not Available,Annual,National,Number of deaths rate due to road traffic injuries [3.6.1],Ninh Binh,Number,54
2018,Normal value,Units,Not Available,Annual,National,Number of deaths rate due to road traffic injuries [3.6.1],Ninh Binh,Number,44
2019,Normal value,Units,Not Available,Annual,National,Number of deaths rate due to road traffic injuries [3.6.1],Ninh Binh,Number,39
2010,Normal value,Units,Not Available,Annual,National,Number of deaths rate due to road traffic injuries [3.6.1],Ha Giang,Number,63
2011,Normal value,Units,Not Available,Annual,National,Number of deaths rate due to road traffic injuries [3.6.1],Ha Giang,Number,94
2012,Normal value,Units,Not Available,Annual,National,Number of deaths rate due to road traffic injuries [3.6.1],Ha Giang,Number,70
2013,Normal value,Units,Not Available,Annual,National,Number of deaths rate due to road traffic injuries [3.6.1],Ha Giang,Number,66
2014,Normal value,Units,Not Available,Annual,National,Number of deaths rate due to road traffic injuries [3.6.1],Ha Giang,Number,65
2015,Normal value,Units,Not Available,Annual,National,Number of deaths rate due to road traffic injuries [3.6.1],Ha Giang,Number,43
2016,Normal value,Units,Not Available,Annual,National,Number of deaths rate due to road traffic injuries [3.6.1],Ha Giang,Number,54
2017,Normal value,Units,Not Available,Annual,National,Number of deaths rate due to road traffic injuries [3.6.1],Ha Giang,Number,44
2018,Normal value,Units,Not Available,Annual,National,Number of deaths rate due to road traffic injuries [3.6.1],Ha Giang,Number,30
2019,Normal value,Units,Not Available,Annual,National,Number of deaths rate due to road traffic injuries [3.6.1],Ha Giang,Number,24
2010,Normal value,Units,Not Available,Annual,National,Number of deaths rate due to road traffic injuries [3.6.1],Cao Bang,Number,54
2011,Normal value,Units,Not Available,Annual,National,Number of deaths rate due to road traffic injuries [3.6.1],Cao Bang,Number,61
2012,Normal value,Units,Not Available,Annual,National,Number of deaths rate due to road traffic injuries [3.6.1],Cao Bang,Number,51
2013,Normal value,Units,Not Available,Annual,National,Number of deaths rate due to road traffic injuries [3.6.1],Cao Bang,Number,73
2014,Normal value,Units,Not Available,Annual,National,Number of deaths rate due to road traffic injuries [3.6.1],Cao Bang,Number,54
2015,Normal value,Units,Not Available,Annual,National,Number of deaths rate due to road traffic injuries [3.6.1],Cao Bang,Number,46
2016,Normal value,Units,Not Available,Annual,National,Number of deaths rate due to road traffic injuries [3.6.1],Cao Bang,Number,52
2017,Normal value,Units,Not Available,Annual,National,Number of deaths rate due to road traffic injuries [3.6.1],Cao Bang,Number,43
2018,Normal value,Units,Not Available,Annual,National,Number of deaths rate due to road traffic injuries [3.6.1],Cao Bang,Number,48
2019,Normal value,Units,Not Available,Annual,National,Number of deaths rate due to road traffic injuries [3.6.1],Cao Bang,Number,40
2010,Normal value,Units,Not Available,Annual,National,Number of deaths rate due to road traffic injuries [3.6.1],Bac Kan,Number,28
2011,Normal value,Units,Not Available,Annual,National,Number of deaths rate due to road traffic injuries [3.6.1],Bac Kan,Number,28
2012,Normal value,Units,Not Available,Annual,National,Number of deaths rate due to road traffic injuries [3.6.1],Bac Kan,Number,34
2013,Normal value,Units,Not Available,Annual,National,Number of deaths rate due to road traffic injuries [3.6.1],Bac Kan,Number,26
2014,Normal value,Units,Not Available,Annual,National,Number of deaths rate due to road traffic injuries [3.6.1],Bac Kan,Number,21
2015,Normal value,Units,Not Available,Annual,National,Number of deaths rate due to road traffic injuries [3.6.1],Bac Kan,Number,31
2016,Normal value,Units,Not Available,Annual,National,Number of deaths rate due to road traffic injuries [3.6.1],Bac Kan,Number,34
2017,Normal value,Units,Not Available,Annual,National,Number of deaths rate due to road traffic injuries [3.6.1],Bac Kan,Number,21
2018,Normal value,Units,Not Available,Annual,National,Number of deaths rate due to road traffic injuries [3.6.1],Bac Kan,Number,29
2019,Normal value,Units,Not Available,Annual,National,Number of deaths rate due to road traffic injuries [3.6.1],Bac Kan,Number,25
2010,Normal value,Units,Not Available,Annual,National,Number of deaths rate due to road traffic injuries [3.6.1],Tuyen Quang,Number,72
2011,Normal value,Units,Not Available,Annual,National,Number of deaths rate due to road traffic injuries [3.6.1],Tuyen Quang,Number,64
2012,Normal value,Units,Not Available,Annual,National,Number of deaths rate due to road traffic injuries [3.6.1],Tuyen Quang,Number,69
2013,Normal value,Units,Not Available,Annual,National,Number of deaths rate due to road traffic injuries [3.6.1],Tuyen Quang,Number,62
2014,Normal value,Units,Not Available,Annual,National,Number of deaths rate due to road traffic injuries [3.6.1],Tuyen Quang,Number,61
2015,Normal value,Units,Not Available,Annual,National,Number of deaths rate due to road traffic injuries [3.6.1],Tuyen Quang,Number,59
2016,Normal value,Units,Not Available,Annual,National,Number of deaths rate due to road traffic injuries [3.6.1],Tuyen Quang,Number,58
2017,Normal value,Units,Not Available,Annual,National,Number of deaths rate due to road traffic injuries [3.6.1],Tuyen Quang,Number,137
2018,Normal value,Units,Not Available,Annual,National,Number of deaths rate due to road traffic injuries [3.6.1],Tuyen Quang,Number,52
2019,Normal value,Units,Not Available,Annual,National,Number of deaths rate due to road traffic injuries [3.6.1],Tuyen Quang,Number,40
2010,Normal value,Units,Not Available,Annual,National,Number of deaths rate due to road traffic injuries [3.6.1],Lao Cai,Number,82
2011,Normal value,Units,Not Available,Annual,National,Number of deaths rate due to road traffic injuries [3.6.1],Lao Cai,Number,82
2012,Normal value,Units,Not Available,Annual,National,Number of deaths rate due to road traffic injuries [3.6.1],Lao Cai,Number,71
2013,Normal value,Units,Not Available,Annual,National,Number of deaths rate due to road traffic injuries [3.6.1],Lao Cai,Number,93
2014,Normal value,Units,Not Available,Annual,National,Number of deaths rate due to road traffic injuries [3.6.1],Lao Cai,Number,88
2015,Normal value,Units,Not Available,Annual,National,Number of deaths rate due to road traffic injuries [3.6.1],Lao Cai,Number,72
2016,Normal value,Units,Not Available,Annual,National,Number of deaths rate due to road traffic injuries [3.6.1],Lao Cai,Number,65
2017,Normal value,Units,Not Available,Annual,National,Number of deaths rate due to road traffic injuries [3.6.1],Lao Cai,Number,58
2018,Normal value,Units,Not Available,Annual,National,Number of deaths rate due to road traffic injuries [3.6.1],Lao Cai,Number,46
2019,Normal value,Units,Not Available,Annual,National,Number of deaths rate due to road traffic injuries [3.6.1],Lao Cai,Number,32
2010,Normal value,Units,Not Available,Annual,National,Number of deaths rate due to road traffic injuries [3.6.1],Yen Bai,Number,77
2011,Normal value,Units,Not Available,Annual,National,Number of deaths rate due to road traffic injuries [3.6.1],Yen Bai,Number,77
2012,Normal value,Units,Not Available,Annual,National,Number of deaths rate due to road traffic injuries [3.6.1],Yen Bai,Number,63
2013,Normal value,Units,Not Available,Annual,National,Number of deaths rate due to road traffic injuries [3.6.1],Yen Bai,Number,67
2014,Normal value,Units,Not Available,Annual,National,Number of deaths rate due to road traffic injuries [3.6.1],Yen Bai,Number,57
2015,Normal value,Units,Not Available,Annual,National,Number of deaths rate due to road traffic injuries [3.6.1],Yen Bai,Number,63
2016,Normal value,Units,Not Available,Annual,National,Number of deaths rate due to road traffic injuries [3.6.1],Yen Bai,Number,50
2017,Normal value,Units,Not Available,Annual,National,Number of deaths rate due to road traffic injuries [3.6.1],Yen Bai,Number,8129
2018,Normal value,Units,Not Available,Annual,National,Number of deaths rate due to road traffic injuries [3.6.1],Yen Bai,Number,47
2019,Normal value,Units,Not Available,Annual,National,Number of deaths rate due to road traffic injuries [3.6.1],Yen Bai,Number,39
2010,Normal value,Units,Not Available,Annual,National,Number of deaths rate due to road traffic injuries [3.6.1],Thai  Nguyen,Number,236
2011,Normal value,Units,Not Available,Annual,National,Number of deaths rate due to road traffic injuries [3.6.1],Thai  Nguyen,Number,184
2012,Normal value,Units,Not Available,Annual,National,Number of deaths rate due to road traffic injuries [3.6.1],Thai  Nguyen,Number,154
2013,Normal value,Units,Not Available,Annual,National,Number of deaths rate due to road traffic injuries [3.6.1],Thai  Nguyen,Number,120
2014,Normal value,Units,Not Available,Annual,National,Number of deaths rate due to road traffic injuries [3.6.1],Thai  Nguyen,Number,96
2015,Normal value,Units,Not Available,Annual,National,Number of deaths rate due to road traffic injuries [3.6.1],Thai  Nguyen,Number,108
2016,Normal value,Units,Not Available,Annual,National,Number of deaths rate due to road traffic injuries [3.6.1],Thai  Nguyen,Number,88
2017,Normal value,Units,Not Available,Annual,National,Number of deaths rate due to road traffic injuries [3.6.1],Thai  Nguyen,Number,158
2018,Normal value,Units,Not Available,Annual,National,Number of deaths rate due to road traffic injuries [3.6.1],Thai  Nguyen,Number,77
2019,Normal value,Units,Not Available,Annual,National,Number of deaths rate due to road traffic injuries [3.6.1],Thai  Nguyen,Number,66
2010,Normal value,Units,Not Available,Annual,National,Number of deaths rate due to road traffic injuries [3.6.1],Lang Son,Number,119
2011,Normal value,Units,Not Available,Annual,National,Number of deaths rate due to road traffic injuries [3.6.1],Lang Son,Number,112
2012,Normal value,Units,Not Available,Annual,National,Number of deaths rate due to road traffic injuries [3.6.1],Lang Son,Number,91
2013,Normal value,Units,Not Available,Annual,National,Number of deaths rate due to road traffic injuries [3.6.1],Lang Son,Number,95
2014,Normal value,Units,Not Available,Annual,National,Number of deaths rate due to road traffic injuries [3.6.1],Lang Son,Number,71
2015,Normal value,Units,Not Available,Annual,National,Number of deaths rate due to road traffic injuries [3.6.1],Lang Son,Number,65
2016,Normal value,Units,Not Available,Annual,National,Number of deaths rate due to road traffic injuries [3.6.1],Lang Son,Number,63
2017,Normal value,Units,Not Available,Annual,National,Number of deaths rate due to road traffic injuries [3.6.1],Lang Son,Number,40
2018,Normal value,Units,Not Available,Annual,National,Number of deaths rate due to road traffic injuries [3.6.1],Lang Son,Number,53
2019,Normal value,Units,Not Available,Annual,National,Number of deaths rate due to road traffic injuries [3.6.1],Lang Son,Number,57
2010,Normal value,Units,Not Available,Annual,National,Number of deaths rate due to road traffic injuries [3.6.1],Bac Giang,Number,194
2011,Normal value,Units,Not Available,Annual,National,Number of deaths rate due to road traffic injuries [3.6.1],Bac Giang,Number,225
2012,Normal value,Units,Not Available,Annual,National,Number of deaths rate due to road traffic injuries [3.6.1],Bac Giang,Number,166
2013,Normal value,Units,Not Available,Annual,National,Number of deaths rate due to road traffic injuries [3.6.1],Bac Giang,Number,168
2014,Normal value,Units,Not Available,Annual,National,Number of deaths rate due to road traffic injuries [3.6.1],Bac Giang,Number,117
2015,Normal value,Units,Not Available,Annual,National,Number of deaths rate due to road traffic injuries [3.6.1],Bac Giang,Number,110
2016,Normal value,Units,Not Available,Annual,National,Number of deaths rate due to road traffic injuries [3.6.1],Bac Giang,Number,89
2017,Normal value,Units,Not Available,Annual,National,Number of deaths rate due to road traffic injuries [3.6.1],Bac Giang,Number,81
2018,Normal value,Units,Not Available,Annual,National,Number of deaths rate due to road traffic injuries [3.6.1],Bac Giang,Number,250
2019,Normal value,Units,Not Available,Annual,National,Number of deaths rate due to road traffic injuries [3.6.1],Bac Giang,Number,189
2010,Normal value,Units,Not Available,Annual,National,Number of deaths rate due to road traffic injuries [3.6.1],Phu Tho,Number,98
2011,Normal value,Units,Not Available,Annual,National,Number of deaths rate due to road traffic injuries [3.6.1],Phu Tho,Number,91
2012,Normal value,Units,Not Available,Annual,National,Number of deaths rate due to road traffic injuries [3.6.1],Phu Tho,Number,69
2013,Normal value,Units,Not Available,Annual,National,Number of deaths rate due to road traffic injuries [3.6.1],Phu Tho,Number,73
2014,Normal value,Units,Not Available,Annual,National,Number of deaths rate due to road traffic injuries [3.6.1],Phu Tho,Number,68
2015,Normal value,Units,Not Available,Annual,National,Number of deaths rate due to road traffic injuries [3.6.1],Phu Tho,Number,66
2016,Normal value,Units,Not Available,Annual,National,Number of deaths rate due to road traffic injuries [3.6.1],Phu Tho,Number,65
2017,Normal value,Units,Not Available,Annual,National,Number of deaths rate due to road traffic injuries [3.6.1],Phu Tho,Number,121
2018,Normal value,Units,Not Available,Annual,National,Number of deaths rate due to road traffic injuries [3.6.1],Phu Tho,Number,62
2019,Normal value,Units,Not Available,Annual,National,Number of deaths rate due to road traffic injuries [3.6.1],Phu Tho,Number,60
2010,Normal value,Units,Not Available,Annual,National,Number of deaths rate due to road traffic injuries [3.6.1],Dien Bien,Number,20
2011,Normal value,Units,Not Available,Annual,National,Number of deaths rate due to road traffic injuries [3.6.1],Dien Bien,Number,45
2012,Normal value,Units,Not Available,Annual,National,Number of deaths rate due to road traffic injuries [3.6.1],Dien Bien,Number,34
2013,Normal value,Units,Not Available,Annual,National,Number of deaths rate due to road traffic injuries [3.6.1],Dien Bien,Number,30
2014,Normal value,Units,Not Available,Annual,National,Number of deaths rate due to road traffic injuries [3.6.1],Dien Bien,Number,31
2015,Normal value,Units,Not Available,Annual,National,Number of deaths rate due to road traffic injuries [3.6.1],Dien Bien,Number,27
2016,Normal value,Units,Not Available,Annual,National,Number of deaths rate due to road traffic injuries [3.6.1],Dien Bien,Number,35
2017,Normal value,Units,Not Available,Annual,National,Number of deaths rate due to road traffic injuries [3.6.1],Dien Bien,Number,31
2018,Normal value,Units,Not Available,Annual,National,Number of deaths rate due to road traffic injuries [3.6.1],Dien Bien,Number,26
2019,Normal value,Units,Not Available,Annual,National,Number of deaths rate due to road traffic injuries [3.6.1],Dien Bien,Number,26
2010,Normal value,Units,Not Available,Annual,National,Number of deaths rate due to road traffic injuries [3.6.1],Lai Chau,Number,51
2011,Normal value,Units,Not Available,Annual,National,Number of deaths rate due to road traffic injuries [3.6.1],Lai Chau,Number,39
2012,Normal value,Units,Not Available,Annual,National,Number of deaths rate due to road traffic injuries [3.6.1],Lai Chau,Number,32
2013,Normal value,Units,Not Available,Annual,National,Number of deaths rate due to road traffic injuries [3.6.1],Lai Chau,Number,43
2014,Normal value,Units,Not Available,Annual,National,Number of deaths rate due to road traffic injuries [3.6.1],Lai Chau,Number,41
2015,Normal value,Units,Not Available,Annual,National,Number of deaths rate due to road traffic injuries [3.6.1],Lai Chau,Number,40
2016,Normal value,Units,Not Available,Annual,National,Number of deaths rate due to road traffic injuries [3.6.1],Lai Chau,Number,34
2017,Normal value,Units,Not Available,Annual,National,Number of deaths rate due to road traffic injuries [3.6.1],Lai Chau,Number,132
2018,Normal value,Units,Not Available,Annual,National,Number of deaths rate due to road traffic injuries [3.6.1],Lai Chau,Number,49
2019,Normal value,Units,Not Available,Annual,National,Number of deaths rate due to road traffic injuries [3.6.1],Lai Chau,Number,25
2010,Normal value,Units,Not Available,Annual,National,Number of deaths rate due to road traffic injuries [3.6.1],Son La,Number,101
2011,Normal value,Units,Not Available,Annual,National,Number of deaths rate due to road traffic injuries [3.6.1],Son La,Number,136
2012,Normal value,Units,Not Available,Annual,National,Number of deaths rate due to road traffic injuries [3.6.1],Son La,Number,97
2013,Normal value,Units,Not Available,Annual,National,Number of deaths rate due to road traffic injuries [3.6.1],Son La,Number,108
2014,Normal value,Units,Not Available,Annual,National,Number of deaths rate due to road traffic injuries [3.6.1],Son La,Number,104
2015,Normal value,Units,Not Available,Annual,National,Number of deaths rate due to road traffic injuries [3.6.1],Son La,Number,93
2016,Normal value,Units,Not Available,Annual,National,Number of deaths rate due to road traffic injuries [3.6.1],Son La,Number,91
2017,Normal value,Units,Not Available,Annual,National,Number of deaths rate due to road traffic injuries [3.6.1],Son La,Number,107
2018,Normal value,Units,Not Available,Annual,National,Number of deaths rate due to road traffic injuries [3.6.1],Son La,Number,72
2019,Normal value,Units,Not Available,Annual,National,Number of deaths rate due to road traffic injuries [3.6.1],Son La,Number,61
2010,Normal value,Units,Not Available,Annual,National,Number of deaths rate due to road traffic injuries [3.6.1],Hoa Binh,Number,120
2011,Normal value,Units,Not Available,Annual,National,Number of deaths rate due to road traffic injuries [3.6.1],Hoa Binh,Number,117
2012,Normal value,Units,Not Available,Annual,National,Number of deaths rate due to road traffic injuries [3.6.1],Hoa Binh,Number,103
2013,Normal value,Units,Not Available,Annual,National,Number of deaths rate due to road traffic injuries [3.6.1],Hoa Binh,Number,90
2014,Normal value,Units,Not Available,Annual,National,Number of deaths rate due to road traffic injuries [3.6.1],Hoa Binh,Number,87
2015,Normal value,Units,Not Available,Annual,National,Number of deaths rate due to road traffic injuries [3.6.1],Hoa Binh,Number,87
2016,Normal value,Units,Not Available,Annual,National,Number of deaths rate due to road traffic injuries [3.6.1],Hoa Binh,Number,84
2017,Normal value,Units,Not Available,Annual,National,Number of deaths rate due to road traffic injuries [3.6.1],Hoa Binh,Number,144
2018,Normal value,Units,Not Available,Annual,National,Number of deaths rate due to road traffic injuries [3.6.1],Hoa Binh,Number,85
2019,Normal value,Units,Not Available,Annual,National,Number of deaths rate due to road traffic injuries [3.6.1],Hoa Binh,Number,76
2010,Normal value,Units,Not Available,Annual,National,Number of deaths rate due to road traffic injuries [3.6.1],Thanh Hoa,Number,235
2011,Normal value,Units,Not Available,Annual,National,Number of deaths rate due to road traffic injuries [3.6.1],Thanh Hoa,Number,232
2012,Normal value,Units,Not Available,Annual,National,Number of deaths rate due to road traffic injuries [3.6.1],Thanh Hoa,Number,209
2013,Normal value,Units,Not Available,Annual,National,Number of deaths rate due to road traffic injuries [3.6.1],Thanh Hoa,Number,203
2014,Normal value,Units,Not Available,Annual,National,Number of deaths rate due to road traffic injuries [3.6.1],Thanh Hoa,Number,187
2015,Normal value,Units,Not Available,Annual,National,Number of deaths rate due to road traffic injuries [3.6.1],Thanh Hoa,Number,175
2016,Normal value,Units,Not Available,Annual,National,Number of deaths rate due to road traffic injuries [3.6.1],Thanh Hoa,Number,179
2017,Normal value,Units,Not Available,Annual,National,Number of deaths rate due to road traffic injuries [3.6.1],Thanh Hoa,Number,128
2018,Normal value,Units,Not Available,Annual,National,Number of deaths rate due to road traffic injuries [3.6.1],Thanh Hoa,Number,149
2019,Normal value,Units,Not Available,Annual,National,Number of deaths rate due to road traffic injuries [3.6.1],Thanh Hoa,Number,150
2010,Normal value,Units,Not Available,Annual,National,Number of deaths rate due to road traffic injuries [3.6.1],Nghe An,Number,220
2011,Normal value,Units,Not Available,Annual,National,Number of deaths rate due to road traffic injuries [3.6.1],Nghe An,Number,213
2012,Normal value,Units,Not Available,Annual,National,Number of deaths rate due to road traffic injuries [3.6.1],Nghe An,Number,215
2013,Normal value,Units,Not Available,Annual,National,Number of deaths rate due to road traffic injuries [3.6.1],Nghe An,Number,207
2014,Normal value,Units,Not Available,Annual,National,Number of deaths rate due to road traffic injuries [3.6.1],Nghe An,Number,199
2015,Normal value,Units,Not Available,Annual,National,Number of deaths rate due to road traffic injuries [3.6.1],Nghe An,Number,194
2016,Normal value,Units,Not Available,Annual,National,Number of deaths rate due to road traffic injuries [3.6.1],Nghe An,Number,190
2017,Normal value,Units,Not Available,Annual,National,Number of deaths rate due to road traffic injuries [3.6.1],Nghe An,Number,50
2018,Normal value,Units,Not Available,Annual,National,Number of deaths rate due to road traffic injuries [3.6.1],Nghe An,Number,179
2019,Normal value,Units,Not Available,Annual,National,Number of deaths rate due to road traffic injuries [3.6.1],Nghe An,Number,173
2010,Normal value,Units,Not Available,Annual,National,Number of deaths rate due to road traffic injuries [3.6.1],Ha Tinh,Number,244
2011,Normal value,Units,Not Available,Annual,National,Number of deaths rate due to road traffic injuries [3.6.1],Ha Tinh,Number,205
2012,Normal value,Units,Not Available,Annual,National,Number of deaths rate due to road traffic injuries [3.6.1],Ha Tinh,Number,138
2013,Normal value,Units,Not Available,Annual,National,Number of deaths rate due to road traffic injuries [3.6.1],Ha Tinh,Number,136
2014,Normal value,Units,Not Available,Annual,National,Number of deaths rate due to road traffic injuries [3.6.1],Ha Tinh,Number,135
2015,Normal value,Units,Not Available,Annual,National,Number of deaths rate due to road traffic injuries [3.6.1],Ha Tinh,Number,149
2016,Normal value,Units,Not Available,Annual,National,Number of deaths rate due to road traffic injuries [3.6.1],Ha Tinh,Number,154
2017,Normal value,Units,Not Available,Annual,National,Number of deaths rate due to road traffic injuries [3.6.1],Ha Tinh,Number,163
2018,Normal value,Units,Not Available,Annual,National,Number of deaths rate due to road traffic injuries [3.6.1],Ha Tinh,Number,131
2019,Normal value,Units,Not Available,Annual,National,Number of deaths rate due to road traffic injuries [3.6.1],Ha Tinh,Number,108
2010,Normal value,Units,Not Available,Annual,National,Number of deaths rate due to road traffic injuries [3.6.1],Quang Binh,Number,217
2011,Normal value,Units,Not Available,Annual,National,Number of deaths rate due to road traffic injuries [3.6.1],Quang Binh,Number,181
2012,Normal value,Units,Not Available,Annual,National,Number of deaths rate due to road traffic injuries [3.6.1],Quang Binh,Number,161
2013,Normal value,Units,Not Available,Annual,National,Number of deaths rate due to road traffic injuries [3.6.1],Quang Binh,Number,145
2014,Normal value,Units,Not Available,Annual,National,Number of deaths rate due to road traffic injuries [3.6.1],Quang Binh,Number,136
2015,Normal value,Units,Not Available,Annual,National,Number of deaths rate due to road traffic injuries [3.6.1],Quang Binh,Number,112
2016,Normal value,Units,Not Available,Annual,National,Number of deaths rate due to road traffic injuries [3.6.1],Quang Binh,Number,105
2017,Normal value,Units,Not Available,Annual,National,Number of deaths rate due to road traffic injuries [3.6.1],Quang Binh,Number,152
2018,Normal value,Units,Not Available,Annual,National,Number of deaths rate due to road traffic injuries [3.6.1],Quang Binh,Number,104
2019,Normal value,Units,Not Available,Annual,National,Number of deaths rate due to road traffic injuries [3.6.1],Quang Binh,Number,90
2010,Normal value,Units,Not Available,Annual,National,Number of deaths rate due to road traffic injuries [3.6.1],Quang Tri,Number,158
2011,Normal value,Units,Not Available,Annual,National,Number of deaths rate due to road traffic injuries [3.6.1],Quang Tri,Number,150
2012,Normal value,Units,Not Available,Annual,National,Number of deaths rate due to road traffic injuries [3.6.1],Quang Tri,Number,129
2013,Normal value,Units,Not Available,Annual,National,Number of deaths rate due to road traffic injuries [3.6.1],Quang Tri,Number,128
2014,Normal value,Units,Not Available,Annual,National,Number of deaths rate due to road traffic injuries [3.6.1],Quang Tri,Number,137
2015,Normal value,Units,Not Available,Annual,National,Number of deaths rate due to road traffic injuries [3.6.1],Quang Tri,Number,110
2016,Normal value,Units,Not Available,Annual,National,Number of deaths rate due to road traffic injuries [3.6.1],Quang Tri,Number,103
2017,Normal value,Units,Not Available,Annual,National,Number of deaths rate due to road traffic injuries [3.6.1],Quang Tri,Number,73
2018,Normal value,Units,Not Available,Annual,National,Number of deaths rate due to road traffic injuries [3.6.1],Quang Tri,Number,122
2019,Normal value,Units,Not Available,Annual,National,Number of deaths rate due to road traffic injuries [3.6.1],Quang Tri,Number,116
2010,Normal value,Units,Not Available,Annual,National,Number of deaths rate due to road traffic injuries [3.6.1],Thua Thien-Hue,Number,131
2011,Normal value,Units,Not Available,Annual,National,Number of deaths rate due to road traffic injuries [3.6.1],Thua Thien-Hue,Number,146
2012,Normal value,Units,Not Available,Annual,National,Number of deaths rate due to road traffic injuries [3.6.1],Thua Thien-Hue,Number,157
2013,Normal value,Units,Not Available,Annual,National,Number of deaths rate due to road traffic injuries [3.6.1],Thua Thien-Hue,Number,171
2014,Normal value,Units,Not Available,Annual,National,Number of deaths rate due to road traffic injuries [3.6.1],Thua Thien-Hue,Number,168
2015,Normal value,Units,Not Available,Annual,National,Number of deaths rate due to road traffic injuries [3.6.1],Thua Thien-Hue,Number,147
2016,Normal value,Units,Not Available,Annual,National,Number of deaths rate due to road traffic injuries [3.6.1],Thua Thien-Hue,Number,135
2017,Normal value,Units,Not Available,Annual,National,Number of deaths rate due to road traffic injuries [3.6.1],Thua Thien-Hue,Number,269
2018,Normal value,Units,Not Available,Annual,National,Number of deaths rate due to road traffic injuries [3.6.1],Thua Thien-Hue,Number,145
2019,Normal value,Units,Not Available,Annual,National,Number of deaths rate due to road traffic injuries [3.6.1],Thua Thien-Hue,Number,182
2010,Normal value,Units,Not Available,Annual,National,Number of deaths rate due to road traffic injuries [3.6.1],Da Nang,Number,166
2011,Normal value,Units,Not Available,Annual,National,Number of deaths rate due to road traffic injuries [3.6.1],Da Nang,Number,130
2012,Normal value,Units,Not Available,Annual,National,Number of deaths rate due to road traffic injuries [3.6.1],Da Nang,Number,109
2013,Normal value,Units,Not Available,Annual,National,Number of deaths rate due to road traffic injuries [3.6.1],Da Nang,Number,125
2014,Normal value,Units,Not Available,Annual,National,Number of deaths rate due to road traffic injuries [3.6.1],Da Nang,Number,90
2015,Normal value,Units,Not Available,Annual,National,Number of deaths rate due to road traffic injuries [3.6.1],Da Nang,Number,90
2016,Normal value,Units,Not Available,Annual,National,Number of deaths rate due to road traffic injuries [3.6.1],Da Nang,Number,84
2017,Normal value,Units,Not Available,Annual,National,Number of deaths rate due to road traffic injuries [3.6.1],Da Nang,Number,70
2018,Normal value,Units,Not Available,Annual,National,Number of deaths rate due to road traffic injuries [3.6.1],Da Nang,Number,58
2019,Normal value,Units,Not Available,Annual,National,Number of deaths rate due to road traffic injuries [3.6.1],Da Nang,Number,53
2010,Normal value,Units,Not Available,Annual,National,Number of deaths rate due to road traffic injuries [3.6.1],Quang  Nam,Number,301
2011,Normal value,Units,Not Available,Annual,National,Number of deaths rate due to road traffic injuries [3.6.1],Quang  Nam,Number,261
2012,Normal value,Units,Not Available,Annual,National,Number of deaths rate due to road traffic injuries [3.6.1],Quang  Nam,Number,220
2013,Normal value,Units,Not Available,Annual,National,Number of deaths rate due to road traffic injuries [3.6.1],Quang  Nam,Number,188
2014,Normal value,Units,Not Available,Annual,National,Number of deaths rate due to road traffic injuries [3.6.1],Quang  Nam,Number,182
2015,Normal value,Units,Not Available,Annual,National,Number of deaths rate due to road traffic injuries [3.6.1],Quang  Nam,Number,172
2016,Normal value,Units,Not Available,Annual,National,Number of deaths rate due to road traffic injuries [3.6.1],Quang  Nam,Number,156
2017,Normal value,Units,Not Available,Annual,National,Number of deaths rate due to road traffic injuries [3.6.1],Quang  Nam,Number,143
2018,Normal value,Units,Not Available,Annual,National,Number of deaths rate due to road traffic injuries [3.6.1],Quang  Nam,Number,156
2019,Normal value,Units,Not Available,Annual,National,Number of deaths rate due to road traffic injuries [3.6.1],Quang  Nam,Number,166
2010,Normal value,Units,Not Available,Annual,National,Number of deaths rate due to road traffic injuries [3.6.1],Quang  Ngai,Number,191
2011,Normal value,Units,Not Available,Annual,National,Number of deaths rate due to road traffic injuries [3.6.1],Quang  Ngai,Number,170
2012,Normal value,Units,Not Available,Annual,National,Number of deaths rate due to road traffic injuries [3.6.1],Quang  Ngai,Number,131
2013,Normal value,Units,Not Available,Annual,National,Number of deaths rate due to road traffic injuries [3.6.1],Quang  Ngai,Number,145
2014,Normal value,Units,Not Available,Annual,National,Number of deaths rate due to road traffic injuries [3.6.1],Quang  Ngai,Number,134
2015,Normal value,Units,Not Available,Annual,National,Number of deaths rate due to road traffic injuries [3.6.1],Quang  Ngai,Number,133
2016,Normal value,Units,Not Available,Annual,National,Number of deaths rate due to road traffic injuries [3.6.1],Quang  Ngai,Number,148
2017,Normal value,Units,Not Available,Annual,National,Number of deaths rate due to road traffic injuries [3.6.1],Quang  Ngai,Number,62
2018,Normal value,Units,Not Available,Annual,National,Number of deaths rate due to road traffic injuries [3.6.1],Quang  Ngai,Number,141
2019,Normal value,Units,Not Available,Annual,National,Number of deaths rate due to road traffic injuries [3.6.1],Quang  Ngai,Number,134
2010,Normal value,Units,Not Available,Annual,National,Number of deaths rate due to road traffic injuries [3.6.1],Binh Dinh,Number,285
2011,Normal value,Units,Not Available,Annual,National,Number of deaths rate due to road traffic injuries [3.6.1],Binh Dinh,Number,247
2012,Normal value,Units,Not Available,Annual,National,Number of deaths rate due to road traffic injuries [3.6.1],Binh Dinh,Number,276
2013,Normal value,Units,Not Available,Annual,National,Number of deaths rate due to road traffic injuries [3.6.1],Binh Dinh,Number,224
2014,Normal value,Units,Not Available,Annual,National,Number of deaths rate due to road traffic injuries [3.6.1],Binh Dinh,Number,201
2015,Normal value,Units,Not Available,Annual,National,Number of deaths rate due to road traffic injuries [3.6.1],Binh Dinh,Number,194
2016,Normal value,Units,Not Available,Annual,National,Number of deaths rate due to road traffic injuries [3.6.1],Binh Dinh,Number,188
2017,Normal value,Units,Not Available,Annual,National,Number of deaths rate due to road traffic injuries [3.6.1],Binh Dinh,Number,162
2018,Normal value,Units,Not Available,Annual,National,Number of deaths rate due to road traffic injuries [3.6.1],Binh Dinh,Number,150
2019,Normal value,Units,Not Available,Annual,National,Number of deaths rate due to road traffic injuries [3.6.1],Binh Dinh,Number,126
2010,Normal value,Units,Not Available,Annual,National,Number of deaths rate due to road traffic injuries [3.6.1],Phu Yen,Number,135
2011,Normal value,Units,Not Available,Annual,National,Number of deaths rate due to road traffic injuries [3.6.1],Phu Yen,Number,152
2012,Normal value,Units,Not Available,Annual,National,Number of deaths rate due to road traffic injuries [3.6.1],Phu Yen,Number,148
2013,Normal value,Units,Not Available,Annual,National,Number of deaths rate due to road traffic injuries [3.6.1],Phu Yen,Number,134
2014,Normal value,Units,Not Available,Annual,National,Number of deaths rate due to road traffic injuries [3.6.1],Phu Yen,Number,130
2015,Normal value,Units,Not Available,Annual,National,Number of deaths rate due to road traffic injuries [3.6.1],Phu Yen,Number,129
2016,Normal value,Units,Not Available,Annual,National,Number of deaths rate due to road traffic injuries [3.6.1],Phu Yen,Number,127
2017,Normal value,Units,Not Available,Annual,National,Number of deaths rate due to road traffic injuries [3.6.1],Phu Yen,Number,103
2018,Normal value,Units,Not Available,Annual,National,Number of deaths rate due to road traffic injuries [3.6.1],Phu Yen,Number,90
2019,Normal value,Units,Not Available,Annual,National,Number of deaths rate due to road traffic injuries [3.6.1],Phu Yen,Number,88
2010,Normal value,Units,Not Available,Annual,National,Number of deaths rate due to road traffic injuries [3.6.1],Khanh  Hoa,Number,180
2011,Normal value,Units,Not Available,Annual,National,Number of deaths rate due to road traffic injuries [3.6.1],Khanh  Hoa,Number,197
2012,Normal value,Units,Not Available,Annual,National,Number of deaths rate due to road traffic injuries [3.6.1],Khanh  Hoa,Number,176
2013,Normal value,Units,Not Available,Annual,National,Number of deaths rate due to road traffic injuries [3.6.1],Khanh  Hoa,Number,174
2014,Normal value,Units,Not Available,Annual,National,Number of deaths rate due to road traffic injuries [3.6.1],Khanh  Hoa,Number,166
2015,Normal value,Units,Not Available,Annual,National,Number of deaths rate due to road traffic injuries [3.6.1],Khanh  Hoa,Number,153
2016,Normal value,Units,Not Available,Annual,National,Number of deaths rate due to road traffic injuries [3.6.1],Khanh  Hoa,Number,142
2017,Normal value,Units,Not Available,Annual,National,Number of deaths rate due to road traffic injuries [3.6.1],Khanh  Hoa,Number,107
2018,Normal value,Units,Not Available,Annual,National,Number of deaths rate due to road traffic injuries [3.6.1],Khanh  Hoa,Number,142
2019,Normal value,Units,Not Available,Annual,National,Number of deaths rate due to road traffic injuries [3.6.1],Khanh  Hoa,Number,154
2010,Normal value,Units,Not Available,Annual,National,Number of deaths rate due to road traffic injuries [3.6.1],Ninh  Thuan,Number,106
2011,Normal value,Units,Not Available,Annual,National,Number of deaths rate due to road traffic injuries [3.6.1],Ninh  Thuan,Number,120
2012,Normal value,Units,Not Available,Annual,National,Number of deaths rate due to road traffic injuries [3.6.1],Ninh  Thuan,Number,82
2013,Normal value,Units,Not Available,Annual,National,Number of deaths rate due to road traffic injuries [3.6.1],Ninh  Thuan,Number,111
2014,Normal value,Units,Not Available,Annual,National,Number of deaths rate due to road traffic injuries [3.6.1],Ninh  Thuan,Number,81
2015,Normal value,Units,Not Available,Annual,National,Number of deaths rate due to road traffic injuries [3.6.1],Ninh  Thuan,Number,65
2016,Normal value,Units,Not Available,Annual,National,Number of deaths rate due to road traffic injuries [3.6.1],Ninh  Thuan,Number,67
2017,Normal value,Units,Not Available,Annual,National,Number of deaths rate due to road traffic injuries [3.6.1],Ninh  Thuan,Number,64
2018,Normal value,Units,Not Available,Annual,National,Number of deaths rate due to road traffic injuries [3.6.1],Ninh  Thuan,Number,58
2019,Normal value,Units,Not Available,Annual,National,Number of deaths rate due to road traffic injuries [3.6.1],Ninh  Thuan,Number,51
2010,Normal value,Units,Not Available,Annual,National,Number of deaths rate due to road traffic injuries [3.6.1],Binh Thuan,Number,258
2011,Normal value,Units,Not Available,Annual,National,Number of deaths rate due to road traffic injuries [3.6.1],Binh Thuan,Number,297
2012,Normal value,Units,Not Available,Annual,National,Number of deaths rate due to road traffic injuries [3.6.1],Binh Thuan,Number,234
2013,Normal value,Units,Not Available,Annual,National,Number of deaths rate due to road traffic injuries [3.6.1],Binh Thuan,Number,292
2014,Normal value,Units,Not Available,Annual,National,Number of deaths rate due to road traffic injuries [3.6.1],Binh Thuan,Number,243
2015,Normal value,Units,Not Available,Annual,National,Number of deaths rate due to road traffic injuries [3.6.1],Binh Thuan,Number,215
2016,Normal value,Units,Not Available,Annual,National,Number of deaths rate due to road traffic injuries [3.6.1],Binh Thuan,Number,237
2017,Normal value,Units,Not Available,Annual,National,Number of deaths rate due to road traffic injuries [3.6.1],Binh Thuan,Number,223
2018,Normal value,Units,Not Available,Annual,National,Number of deaths rate due to road traffic injuries [3.6.1],Binh Thuan,Number,239
2019,Normal value,Units,Not Available,Annual,National,Number of deaths rate due to road traffic injuries [3.6.1],Binh Thuan,Number,227
2010,Normal value,Units,Not Available,Annual,National,Number of deaths rate due to road traffic injuries [3.6.1],Kon Tum,Number,112
2011,Normal value,Units,Not Available,Annual,National,Number of deaths rate due to road traffic injuries [3.6.1],Kon Tum,Number,97
2012,Normal value,Units,Not Available,Annual,National,Number of deaths rate due to road traffic injuries [3.6.1],Kon Tum,Number,94
2013,Normal value,Units,Not Available,Annual,National,Number of deaths rate due to road traffic injuries [3.6.1],Kon Tum,Number,75
2014,Normal value,Units,Not Available,Annual,National,Number of deaths rate due to road traffic injuries [3.6.1],Kon Tum,Number,79
2015,Normal value,Units,Not Available,Annual,National,Number of deaths rate due to road traffic injuries [3.6.1],Kon Tum,Number,78
2016,Normal value,Units,Not Available,Annual,National,Number of deaths rate due to road traffic injuries [3.6.1],Kon Tum,Number,77
2017,Normal value,Units,Not Available,Annual,National,Number of deaths rate due to road traffic injuries [3.6.1],Kon Tum,Number,137
2018,Normal value,Units,Not Available,Annual,National,Number of deaths rate due to road traffic injuries [3.6.1],Kon Tum,Number,62
2019,Normal value,Units,Not Available,Annual,National,Number of deaths rate due to road traffic injuries [3.6.1],Kon Tum,Number,63
2010,Normal value,Units,Not Available,Annual,National,Number of deaths rate due to road traffic injuries [3.6.1],Gia Lai,Number,237
2011,Normal value,Units,Not Available,Annual,National,Number of deaths rate due to road traffic injuries [3.6.1],Gia Lai,Number,292
2012,Normal value,Units,Not Available,Annual,National,Number of deaths rate due to road traffic injuries [3.6.1],Gia Lai,Number,235
2013,Normal value,Units,Not Available,Annual,National,Number of deaths rate due to road traffic injuries [3.6.1],Gia Lai,Number,238
2014,Normal value,Units,Not Available,Annual,National,Number of deaths rate due to road traffic injuries [3.6.1],Gia Lai,Number,207
2015,Normal value,Units,Not Available,Annual,National,Number of deaths rate due to road traffic injuries [3.6.1],Gia Lai,Number,266
2016,Normal value,Units,Not Available,Annual,National,Number of deaths rate due to road traffic injuries [3.6.1],Gia Lai,Number,246
2017,Normal value,Units,Not Available,Annual,National,Number of deaths rate due to road traffic injuries [3.6.1],Gia Lai,Number,244
2018,Normal value,Units,Not Available,Annual,National,Number of deaths rate due to road traffic injuries [3.6.1],Gia Lai,Number,243
2019,Normal value,Units,Not Available,Annual,National,Number of deaths rate due to road traffic injuries [3.6.1],Gia Lai,Number,237
2010,Normal value,Units,Not Available,Annual,National,Number of deaths rate due to road traffic injuries [3.6.1],Dak Lak,Number,283
2011,Normal value,Units,Not Available,Annual,National,Number of deaths rate due to road traffic injuries [3.6.1],Dak Lak,Number,277
2012,Normal value,Units,Not Available,Annual,National,Number of deaths rate due to road traffic injuries [3.6.1],Dak Lak,Number,295
2013,Normal value,Units,Not Available,Annual,National,Number of deaths rate due to road traffic injuries [3.6.1],Dak Lak,Number,292
2014,Normal value,Units,Not Available,Annual,National,Number of deaths rate due to road traffic injuries [3.6.1],Dak Lak,Number,258
2015,Normal value,Units,Not Available,Annual,National,Number of deaths rate due to road traffic injuries [3.6.1],Dak Lak,Number,245
2016,Normal value,Units,Not Available,Annual,National,Number of deaths rate due to road traffic injuries [3.6.1],Dak Lak,Number,241
2017,Normal value,Units,Not Available,Annual,National,Number of deaths rate due to road traffic injuries [3.6.1],Dak Lak,Number,268
2018,Normal value,Units,Not Available,Annual,National,Number of deaths rate due to road traffic injuries [3.6.1],Dak Lak,Number,254
2019,Normal value,Units,Not Available,Annual,National,Number of deaths rate due to road traffic injuries [3.6.1],Dak Lak,Number,225
2010,Normal value,Units,Not Available,Annual,National,Number of deaths rate due to road traffic injuries [3.6.1],Dak Nong,Number,94
2011,Normal value,Units,Not Available,Annual,National,Number of deaths rate due to road traffic injuries [3.6.1],Dak Nong,Number,78
2012,Normal value,Units,Not Available,Annual,National,Number of deaths rate due to road traffic injuries [3.6.1],Dak Nong,Number,71
2013,Normal value,Units,Not Available,Annual,National,Number of deaths rate due to road traffic injuries [3.6.1],Dak Nong,Number,77
2014,Normal value,Units,Not Available,Annual,National,Number of deaths rate due to road traffic injuries [3.6.1],Dak Nong,Number,75
2015,Normal value,Units,Not Available,Annual,National,Number of deaths rate due to road traffic injuries [3.6.1],Dak Nong,Number,70
2016,Normal value,Units,Not Available,Annual,National,Number of deaths rate due to road traffic injuries [3.6.1],Dak Nong,Number,63
2017,Normal value,Units,Not Available,Annual,National,Number of deaths rate due to road traffic injuries [3.6.1],Dak Nong,Number,62
2018,Normal value,Units,Not Available,Annual,National,Number of deaths rate due to road traffic injuries [3.6.1],Dak Nong,Number,58
2019,Normal value,Units,Not Available,Annual,National,Number of deaths rate due to road traffic injuries [3.6.1],Dak Nong,Number,51
2010,Normal value,Units,Not Available,Annual,National,Number of deaths rate due to road traffic injuries [3.6.1],Lam Dong,Number,193
2011,Normal value,Units,Not Available,Annual,National,Number of deaths rate due to road traffic injuries [3.6.1],Lam Dong,Number,166
2012,Normal value,Units,Not Available,Annual,National,Number of deaths rate due to road traffic injuries [3.6.1],Lam Dong,Number,149
2013,Normal value,Units,Not Available,Annual,National,Number of deaths rate due to road traffic injuries [3.6.1],Lam Dong,Number,161
2014,Normal value,Units,Not Available,Annual,National,Number of deaths rate due to road traffic injuries [3.6.1],Lam Dong,Number,141
2015,Normal value,Units,Not Available,Annual,National,Number of deaths rate due to road traffic injuries [3.6.1],Lam Dong,Number,140
2016,Normal value,Units,Not Available,Annual,National,Number of deaths rate due to road traffic injuries [3.6.1],Lam Dong,Number,139
2017,Normal value,Units,Not Available,Annual,National,Number of deaths rate due to road traffic injuries [3.6.1],Lam Dong,Number,57
2018,Normal value,Units,Not Available,Annual,National,Number of deaths rate due to road traffic injuries [3.6.1],Lam Dong,Number,132
2019,Normal value,Units,Not Available,Annual,National,Number of deaths rate due to road traffic injuries [3.6.1],Lam Dong,Number,134
2010,Normal value,Units,Not Available,Annual,National,Number of deaths rate due to road traffic injuries [3.6.1],Binh Phuoc,Number,202
2011,Normal value,Units,Not Available,Annual,National,Number of deaths rate due to road traffic injuries [3.6.1],Binh Phuoc,Number,212
2012,Normal value,Units,Not Available,Annual,National,Number of deaths rate due to road traffic injuries [3.6.1],Binh Phuoc,Number,165
2013,Normal value,Units,Not Available,Annual,National,Number of deaths rate due to road traffic injuries [3.6.1],Binh Phuoc,Number,189
2014,Normal value,Units,Not Available,Annual,National,Number of deaths rate due to road traffic injuries [3.6.1],Binh Phuoc,Number,182
2015,Normal value,Units,Not Available,Annual,National,Number of deaths rate due to road traffic injuries [3.6.1],Binh Phuoc,Number,170
2016,Normal value,Units,Not Available,Annual,National,Number of deaths rate due to road traffic injuries [3.6.1],Binh Phuoc,Number,171
2017,Normal value,Units,Not Available,Annual,National,Number of deaths rate due to road traffic injuries [3.6.1],Binh Phuoc,Number,170
2018,Normal value,Units,Not Available,Annual,National,Number of deaths rate due to road traffic injuries [3.6.1],Binh Phuoc,Number,167
2019,Normal value,Units,Not Available,Annual,National,Number of deaths rate due to road traffic injuries [3.6.1],Binh Phuoc,Number,166
2010,Normal value,Units,Not Available,Annual,National,Number of deaths rate due to road traffic injuries [3.6.1],Tay Ninh,Number,205
2011,Normal value,Units,Not Available,Annual,National,Number of deaths rate due to road traffic injuries [3.6.1],Tay Ninh,Number,232
2012,Normal value,Units,Not Available,Annual,National,Number of deaths rate due to road traffic injuries [3.6.1],Tay Ninh,Number,182
2013,Normal value,Units,Not Available,Annual,National,Number of deaths rate due to road traffic injuries [3.6.1],Tay Ninh,Number,128
2014,Normal value,Units,Not Available,Annual,National,Number of deaths rate due to road traffic injuries [3.6.1],Tay Ninh,Number,120
2015,Normal value,Units,Not Available,Annual,National,Number of deaths rate due to road traffic injuries [3.6.1],Tay Ninh,Number,85
2016,Normal value,Units,Not Available,Annual,National,Number of deaths rate due to road traffic injuries [3.6.1],Tay Ninh,Number,62
2017,Normal value,Units,Not Available,Annual,National,Number of deaths rate due to road traffic injuries [3.6.1],Tay Ninh,Number,66
2018,Normal value,Units,Not Available,Annual,National,Number of deaths rate due to road traffic injuries [3.6.1],Tay Ninh,Number,96
2019,Normal value,Units,Not Available,Annual,National,Number of deaths rate due to road traffic injuries [3.6.1],Tay Ninh,Number,67
2010,Normal value,Units,Not Available,Annual,National,Number of deaths rate due to road traffic injuries [3.6.1],Binh  Duong,Number,403
2011,Normal value,Units,Not Available,Annual,National,Number of deaths rate due to road traffic injuries [3.6.1],Binh  Duong,Number,375
2012,Normal value,Units,Not Available,Annual,National,Number of deaths rate due to road traffic injuries [3.6.1],Binh  Duong,Number,371
2013,Normal value,Units,Not Available,Annual,National,Number of deaths rate due to road traffic injuries [3.6.1],Binh  Duong,Number,411
2014,Normal value,Units,Not Available,Annual,National,Number of deaths rate due to road traffic injuries [3.6.1],Binh  Duong,Number,325
2015,Normal value,Units,Not Available,Annual,National,Number of deaths rate due to road traffic injuries [3.6.1],Binh  Duong,Number,323
2016,Normal value,Units,Not Available,Annual,National,Number of deaths rate due to road traffic injuries [3.6.1],Binh  Duong,Number,327
2017,Normal value,Units,Not Available,Annual,National,Number of deaths rate due to road traffic injuries [3.6.1],Binh  Duong,Number,324
2018,Normal value,Units,Not Available,Annual,National,Number of deaths rate due to road traffic injuries [3.6.1],Binh  Duong,Number,311
2019,Normal value,Units,Not Available,Annual,National,Number of deaths rate due to road traffic injuries [3.6.1],Binh  Duong,Number,296
2010,Normal value,Units,Not Available,Annual,National,Number of deaths rate due to road traffic injuries [3.6.1],Dong Nai,Number,330
2011,Normal value,Units,Not Available,Annual,National,Number of deaths rate due to road traffic injuries [3.6.1],Dong Nai,Number,336
2012,Normal value,Units,Not Available,Annual,National,Number of deaths rate due to road traffic injuries [3.6.1],Dong Nai,Number,356
2013,Normal value,Units,Not Available,Annual,National,Number of deaths rate due to road traffic injuries [3.6.1],Dong Nai,Number,408
2014,Normal value,Units,Not Available,Annual,National,Number of deaths rate due to road traffic injuries [3.6.1],Dong Nai,Number,419
2015,Normal value,Units,Not Available,Annual,National,Number of deaths rate due to road traffic injuries [3.6.1],Dong Nai,Number,329
2016,Normal value,Units,Not Available,Annual,National,Number of deaths rate due to road traffic injuries [3.6.1],Dong Nai,Number,319
2017,Normal value,Units,Not Available,Annual,National,Number of deaths rate due to road traffic injuries [3.6.1],Dong Nai,Number,281
2018,Normal value,Units,Not Available,Annual,National,Number of deaths rate due to road traffic injuries [3.6.1],Dong Nai,Number,258
2019,Normal value,Units,Not Available,Annual,National,Number of deaths rate due to road traffic injuries [3.6.1],Dong Nai,Number,241
2010,Normal value,Units,Not Available,Annual,National,Number of deaths rate due to road traffic injuries [3.6.1],Ba Ria - Vung Tau,Number,216
2011,Normal value,Units,Not Available,Annual,National,Number of deaths rate due to road traffic injuries [3.6.1],Ba Ria - Vung Tau,Number,217
2012,Normal value,Units,Not Available,Annual,National,Number of deaths rate due to road traffic injuries [3.6.1],Ba Ria - Vung Tau,Number,218
2013,Normal value,Units,Not Available,Annual,National,Number of deaths rate due to road traffic injuries [3.6.1],Ba Ria - Vung Tau,Number,275
2014,Normal value,Units,Not Available,Annual,National,Number of deaths rate due to road traffic injuries [3.6.1],Ba Ria - Vung Tau,Number,253
2015,Normal value,Units,Not Available,Annual,National,Number of deaths rate due to road traffic injuries [3.6.1],Ba Ria - Vung Tau,Number,264
2016,Normal value,Units,Not Available,Annual,National,Number of deaths rate due to road traffic injuries [3.6.1],Ba Ria - Vung Tau,Number,261
2017,Normal value,Units,Not Available,Annual,National,Number of deaths rate due to road traffic injuries [3.6.1],Ba Ria - Vung Tau,Number,258
2018,Normal value,Units,Not Available,Annual,National,Number of deaths rate due to road traffic injuries [3.6.1],Ba Ria - Vung Tau,Number,236
2019,Normal value,Units,Not Available,Annual,National,Number of deaths rate due to road traffic injuries [3.6.1],Ba Ria - Vung Tau,Number,244
2010,Normal value,Units,Not Available,Annual,National,Number of deaths rate due to road traffic injuries [3.6.1],Ho Chi Minh city,Number,885
2011,Normal value,Units,Not Available,Annual,National,Number of deaths rate due to road traffic injuries [3.6.1],Ho Chi Minh city,Number,831
2012,Normal value,Units,Not Available,Annual,National,Number of deaths rate due to road traffic injuries [3.6.1],Ho Chi Minh city,Number,786
2013,Normal value,Units,Not Available,Annual,National,Number of deaths rate due to road traffic injuries [3.6.1],Ho Chi Minh city,Number,781
2014,Normal value,Units,Not Available,Annual,National,Number of deaths rate due to road traffic injuries [3.6.1],Ho Chi Minh city,Number,710
2015,Normal value,Units,Not Available,Annual,National,Number of deaths rate due to road traffic injuries [3.6.1],Ho Chi Minh city,Number,698
2016,Normal value,Units,Not Available,Annual,National,Number of deaths rate due to road traffic injuries [3.6.1],Ho Chi Minh city,Number,798
2017,Normal value,Units,Not Available,Annual,National,Number of deaths rate due to road traffic injuries [3.6.1],Ho Chi Minh city,Number,70
2018,Normal value,Units,Not Available,Annual,National,Number of deaths rate due to road traffic injuries [3.6.1],Ho Chi Minh city,Number,702
2019,Normal value,Units,Not Available,Annual,National,Number of deaths rate due to road traffic injuries [3.6.1],Ho Chi Minh city,Number,634
2010,Normal value,Units,Not Available,Annual,National,Number of deaths rate due to road traffic injuries [3.6.1],Long An,Number,293
2011,Normal value,Units,Not Available,Annual,National,Number of deaths rate due to road traffic injuries [3.6.1],Long An,Number,337
2012,Normal value,Units,Not Available,Annual,National,Number of deaths rate due to road traffic injuries [3.6.1],Long An,Number,251
2013,Normal value,Units,Not Available,Annual,National,Number of deaths rate due to road traffic injuries [3.6.1],Long An,Number,226
2014,Normal value,Units,Not Available,Annual,National,Number of deaths rate due to road traffic injuries [3.6.1],Long An,Number,218
2015,Normal value,Units,Not Available,Annual,National,Number of deaths rate due to road traffic injuries [3.6.1],Long An,Number,176
2016,Normal value,Units,Not Available,Annual,National,Number of deaths rate due to road traffic injuries [3.6.1],Long An,Number,142
2017,Normal value,Units,Not Available,Annual,National,Number of deaths rate due to road traffic injuries [3.6.1],Long An,Number,63
2018,Normal value,Units,Not Available,Annual,National,Number of deaths rate due to road traffic injuries [3.6.1],Long An,Number,113
2019,Normal value,Units,Not Available,Annual,National,Number of deaths rate due to road traffic injuries [3.6.1],Long An,Number,107
2010,Normal value,Units,Not Available,Annual,National,Number of deaths rate due to road traffic injuries [3.6.1],Tien Giang,Number,253
2011,Normal value,Units,Not Available,Annual,National,Number of deaths rate due to road traffic injuries [3.6.1],Tien Giang,Number,300
2012,Normal value,Units,Not Available,Annual,National,Number of deaths rate due to road traffic injuries [3.6.1],Tien Giang,Number,242
2013,Normal value,Units,Not Available,Annual,National,Number of deaths rate due to road traffic injuries [3.6.1],Tien Giang,Number,261
2014,Normal value,Units,Not Available,Annual,National,Number of deaths rate due to road traffic injuries [3.6.1],Tien Giang,Number,229
2015,Normal value,Units,Not Available,Annual,National,Number of deaths rate due to road traffic injuries [3.6.1],Tien Giang,Number,181
2016,Normal value,Units,Not Available,Annual,National,Number of deaths rate due to road traffic injuries [3.6.1],Tien Giang,Number,248
2017,Normal value,Units,Not Available,Annual,National,Number of deaths rate due to road traffic injuries [3.6.1],Tien Giang,Number,705
2018,Normal value,Units,Not Available,Annual,National,Number of deaths rate due to road traffic injuries [3.6.1],Tien Giang,Number,234
2019,Normal value,Units,Not Available,Annual,National,Number of deaths rate due to road traffic injuries [3.6.1],Tien Giang,Number,242
2010,Normal value,Units,Not Available,Annual,National,Number of deaths rate due to road traffic injuries [3.6.1],Ben Tre,Number,133
2011,Normal value,Units,Not Available,Annual,National,Number of deaths rate due to road traffic injuries [3.6.1],Ben Tre,Number,128
2012,Normal value,Units,Not Available,Annual,National,Number of deaths rate due to road traffic injuries [3.6.1],Ben Tre,Number,118
2013,Normal value,Units,Not Available,Annual,National,Number of deaths rate due to road traffic injuries [3.6.1],Ben Tre,Number,144
2014,Normal value,Units,Not Available,Annual,National,Number of deaths rate due to road traffic injuries [3.6.1],Ben Tre,Number,206
2015,Normal value,Units,Not Available,Annual,National,Number of deaths rate due to road traffic injuries [3.6.1],Ben Tre,Number,196
2016,Normal value,Units,Not Available,Annual,National,Number of deaths rate due to road traffic injuries [3.6.1],Ben Tre,Number,192
2017,Normal value,Units,Not Available,Annual,National,Number of deaths rate due to road traffic injuries [3.6.1],Ben Tre,Number,197
2018,Normal value,Units,Not Available,Annual,National,Number of deaths rate due to road traffic injuries [3.6.1],Ben Tre,Number,195
2019,Normal value,Units,Not Available,Annual,National,Number of deaths rate due to road traffic injuries [3.6.1],Ben Tre,Number,139
2010,Normal value,Units,Not Available,Annual,National,Number of deaths rate due to road traffic injuries [3.6.1],Tra Vinh,Number,87
2011,Normal value,Units,Not Available,Annual,National,Number of deaths rate due to road traffic injuries [3.6.1],Tra Vinh,Number,100
2012,Normal value,Units,Not Available,Annual,National,Number of deaths rate due to road traffic injuries [3.6.1],Tra Vinh,Number,79
2013,Normal value,Units,Not Available,Annual,National,Number of deaths rate due to road traffic injuries [3.6.1],Tra Vinh,Number,79
2014,Normal value,Units,Not Available,Annual,National,Number of deaths rate due to road traffic injuries [3.6.1],Tra Vinh,Number,69
2015,Normal value,Units,Not Available,Annual,National,Number of deaths rate due to road traffic injuries [3.6.1],Tra Vinh,Number,108
2016,Normal value,Units,Not Available,Annual,National,Number of deaths rate due to road traffic injuries [3.6.1],Tra Vinh,Number,78
2017,Normal value,Units,Not Available,Annual,National,Number of deaths rate due to road traffic injuries [3.6.1],Tra Vinh,Number,71
2018,Normal value,Units,Not Available,Annual,National,Number of deaths rate due to road traffic injuries [3.6.1],Tra Vinh,Number,68
2019,Normal value,Units,Not Available,Annual,National,Number of deaths rate due to road traffic injuries [3.6.1],Tra Vinh,Number,53
2010,Normal value,Units,Not Available,Annual,National,Number of deaths rate due to road traffic injuries [3.6.1],Vinh Long,Number,108
2011,Normal value,Units,Not Available,Annual,National,Number of deaths rate due to road traffic injuries [3.6.1],Vinh Long,Number,123
2012,Normal value,Units,Not Available,Annual,National,Number of deaths rate due to road traffic injuries [3.6.1],Vinh Long,Number,115
2013,Normal value,Units,Not Available,Annual,National,Number of deaths rate due to road traffic injuries [3.6.1],Vinh Long,Number,109
2014,Normal value,Units,Not Available,Annual,National,Number of deaths rate due to road traffic injuries [3.6.1],Vinh Long,Number,147
2015,Normal value,Units,Not Available,Annual,National,Number of deaths rate due to road traffic injuries [3.6.1],Vinh Long,Number,145
2016,Normal value,Units,Not Available,Annual,National,Number of deaths rate due to road traffic injuries [3.6.1],Vinh Long,Number,140
2017,Normal value,Units,Not Available,Annual,National,Number of deaths rate due to road traffic injuries [3.6.1],Vinh Long,Number,36
2018,Normal value,Units,Not Available,Annual,National,Number of deaths rate due to road traffic injuries [3.6.1],Vinh Long,Number,127
2019,Normal value,Units,Not Available,Annual,National,Number of deaths rate due to road traffic injuries [3.6.1],Vinh Long,Number,120
2010,Normal value,Units,Not Available,Annual,National,Number of deaths rate due to road traffic injuries [3.6.1],Dong Thap,Number,201
2011,Normal value,Units,Not Available,Annual,National,Number of deaths rate due to road traffic injuries [3.6.1],Dong Thap,Number,199
2012,Normal value,Units,Not Available,Annual,National,Number of deaths rate due to road traffic injuries [3.6.1],Dong Thap,Number,151
2013,Normal value,Units,Not Available,Annual,National,Number of deaths rate due to road traffic injuries [3.6.1],Dong Thap,Number,145
2014,Normal value,Units,Not Available,Annual,National,Number of deaths rate due to road traffic injuries [3.6.1],Dong Thap,Number,141
2015,Normal value,Units,Not Available,Annual,National,Number of deaths rate due to road traffic injuries [3.6.1],Dong Thap,Number,119
2016,Normal value,Units,Not Available,Annual,National,Number of deaths rate due to road traffic injuries [3.6.1],Dong Thap,Number,150
2017,Normal value,Units,Not Available,Annual,National,Number of deaths rate due to road traffic injuries [3.6.1],Dong Thap,Number,139
2018,Normal value,Units,Not Available,Annual,National,Number of deaths rate due to road traffic injuries [3.6.1],Dong Thap,Number,130
2019,Normal value,Units,Not Available,Annual,National,Number of deaths rate due to road traffic injuries [3.6.1],Dong Thap,Number,125
2010,Normal value,Units,Not Available,Annual,National,Number of deaths rate due to road traffic injuries [3.6.1],An Giang,Number,138
2011,Normal value,Units,Not Available,Annual,National,Number of deaths rate due to road traffic injuries [3.6.1],An Giang,Number,120
2012,Normal value,Units,Not Available,Annual,National,Number of deaths rate due to road traffic injuries [3.6.1],An Giang,Number,101
2013,Normal value,Units,Not Available,Annual,National,Number of deaths rate due to road traffic injuries [3.6.1],An Giang,Number,89
2014,Normal value,Units,Not Available,Annual,National,Number of deaths rate due to road traffic injuries [3.6.1],An Giang,Number,96
2015,Normal value,Units,Not Available,Annual,National,Number of deaths rate due to road traffic injuries [3.6.1],An Giang,Number,95
2016,Normal value,Units,Not Available,Annual,National,Number of deaths rate due to road traffic injuries [3.6.1],An Giang,Number,86
2017,Normal value,Units,Not Available,Annual,National,Number of deaths rate due to road traffic injuries [3.6.1],An Giang,Number,3
2018,Normal value,Units,Not Available,Annual,National,Number of deaths rate due to road traffic injuries [3.6.1],An Giang,Number,76
2019,Normal value,Units,Not Available,Annual,National,Number of deaths rate due to road traffic injuries [3.6.1],An Giang,Number,63
2010,Normal value,Units,Not Available,Annual,National,Number of deaths rate due to road traffic injuries [3.6.1],Kien  Giang,Number,164
2011,Normal value,Units,Not Available,Annual,National,Number of deaths rate due to road traffic injuries [3.6.1],Kien  Giang,Number,151
2012,Normal value,Units,Not Available,Annual,National,Number of deaths rate due to road traffic injuries [3.6.1],Kien  Giang,Number,84
2013,Normal value,Units,Not Available,Annual,National,Number of deaths rate due to road traffic injuries [3.6.1],Kien  Giang,Number,96
2014,Normal value,Units,Not Available,Annual,National,Number of deaths rate due to road traffic injuries [3.6.1],Kien  Giang,Number,128
2015,Normal value,Units,Not Available,Annual,National,Number of deaths rate due to road traffic injuries [3.6.1],Kien  Giang,Number,146
2016,Normal value,Units,Not Available,Annual,National,Number of deaths rate due to road traffic injuries [3.6.1],Kien  Giang,Number,133
2017,Normal value,Units,Not Available,Annual,National,Number of deaths rate due to road traffic injuries [3.6.1],Kien  Giang,Number,76
2018,Normal value,Units,Not Available,Annual,National,Number of deaths rate due to road traffic injuries [3.6.1],Kien  Giang,Number,122
2019,Normal value,Units,Not Available,Annual,National,Number of deaths rate due to road traffic injuries [3.6.1],Kien  Giang,Number,86
2010,Normal value,Units,Not Available,Annual,National,Number of deaths rate due to road traffic injuries [3.6.1],Can Tho,Number,140
2011,Normal value,Units,Not Available,Annual,National,Number of deaths rate due to road traffic injuries [3.6.1],Can Tho,Number,126
2012,Normal value,Units,Not Available,Annual,National,Number of deaths rate due to road traffic injuries [3.6.1],Can Tho,Number,82
2013,Normal value,Units,Not Available,Annual,National,Number of deaths rate due to road traffic injuries [3.6.1],Can Tho,Number,87
2014,Normal value,Units,Not Available,Annual,National,Number of deaths rate due to road traffic injuries [3.6.1],Can Tho,Number,80
2015,Normal value,Units,Not Available,Annual,National,Number of deaths rate due to road traffic injuries [3.6.1],Can Tho,Number,79
2016,Normal value,Units,Not Available,Annual,National,Number of deaths rate due to road traffic injuries [3.6.1],Can Tho,Number,78
2017,Normal value,Units,Not Available,Annual,National,Number of deaths rate due to road traffic injuries [3.6.1],Can Tho,Number,93
2018,Normal value,Units,Not Available,Annual,National,Number of deaths rate due to road traffic injuries [3.6.1],Can Tho,Number,112
2019,Normal value,Units,Not Available,Annual,National,Number of deaths rate due to road traffic injuries [3.6.1],Can Tho,Number,105
2010,Normal value,Units,Not Available,Annual,National,Number of deaths rate due to road traffic injuries [3.6.1],Hau Giang,Number,76
2011,Normal value,Units,Not Available,Annual,National,Number of deaths rate due to road traffic injuries [3.6.1],Hau Giang,Number,91
2012,Normal value,Units,Not Available,Annual,National,Number of deaths rate due to road traffic injuries [3.6.1],Hau Giang,Number,68
2013,Normal value,Units,Not Available,Annual,National,Number of deaths rate due to road traffic injuries [3.6.1],Hau Giang,Number,64
2014,Normal value,Units,Not Available,Annual,National,Number of deaths rate due to road traffic injuries [3.6.1],Hau Giang,Number,57
2015,Normal value,Units,Not Available,Annual,National,Number of deaths rate due to road traffic injuries [3.6.1],Hau Giang,Number,52
2016,Normal value,Units,Not Available,Annual,National,Number of deaths rate due to road traffic injuries [3.6.1],Hau Giang,Number,52
2017,Normal value,Units,Not Available,Annual,National,Number of deaths rate due to road traffic injuries [3.6.1],Hau Giang,Number,114
2018,Normal value,Units,Not Available,Annual,National,Number of deaths rate due to road traffic injuries [3.6.1],Hau Giang,Number,91
2019,Normal value,Units,Not Available,Annual,National,Number of deaths rate due to road traffic injuries [3.6.1],Hau Giang,Number,74
2010,Normal value,Units,Not Available,Annual,National,Number of deaths rate due to road traffic injuries [3.6.1],Soc Trang,Number,170
2011,Normal value,Units,Not Available,Annual,National,Number of deaths rate due to road traffic injuries [3.6.1],Soc Trang,Number,181
2012,Normal value,Units,Not Available,Annual,National,Number of deaths rate due to road traffic injuries [3.6.1],Soc Trang,Number,160
2013,Normal value,Units,Not Available,Annual,National,Number of deaths rate due to road traffic injuries [3.6.1],Soc Trang,Number,129
2014,Normal value,Units,Not Available,Annual,National,Number of deaths rate due to road traffic injuries [3.6.1],Soc Trang,Number,111
2015,Normal value,Units,Not Available,Annual,National,Number of deaths rate due to road traffic injuries [3.6.1],Soc Trang,Number,99
2016,Normal value,Units,Not Available,Annual,National,Number of deaths rate due to road traffic injuries [3.6.1],Soc Trang,Number,96
2017,Normal value,Units,Not Available,Annual,National,Number of deaths rate due to road traffic injuries [3.6.1],Soc Trang,Number,63
2018,Normal value,Units,Not Available,Annual,National,Number of deaths rate due to road traffic injuries [3.6.1],Soc Trang,Number,106
2019,Normal value,Units,Not Available,Annual,National,Number of deaths rate due to road traffic injuries [3.6.1],Soc Trang,Number,98
2010,Normal value,Units,Not Available,Annual,National,Number of deaths rate due to road traffic injuries [3.6.1],Bac Lieu,Number,68
2011,Normal value,Units,Not Available,Annual,National,Number of deaths rate due to road traffic injuries [3.6.1],Bac Lieu,Number,87
2012,Normal value,Units,Not Available,Annual,National,Number of deaths rate due to road traffic injuries [3.6.1],Bac Lieu,Number,77
2013,Normal value,Units,Not Available,Annual,National,Number of deaths rate due to road traffic injuries [3.6.1],Bac Lieu,Number,56
2014,Normal value,Units,Not Available,Annual,National,Number of deaths rate due to road traffic injuries [3.6.1],Bac Lieu,Number,58
2015,Normal value,Units,Not Available,Annual,National,Number of deaths rate due to road traffic injuries [3.6.1],Bac Lieu,Number,49
2016,Normal value,Units,Not Available,Annual,National,Number of deaths rate due to road traffic injuries [3.6.1],Bac Lieu,Number,43
2017,Normal value,Units,Not Available,Annual,National,Number of deaths rate due to road traffic injuries [3.6.1],Bac Lieu,Number,36
2018,Normal value,Units,Not Available,Annual,National,Number of deaths rate due to road traffic injuries [3.6.1],Bac Lieu,Number,27
2019,Normal value,Units,Not Available,Annual,National,Number of deaths rate due to road traffic injuries [3.6.1],Bac Lieu,Number,20
2010,Normal value,Units,Not Available,Annual,National,Number of deaths rate due to road traffic injuries [3.6.1],Ca Mau,Number,19
2011,Normal value,Units,Not Available,Annual,National,Number of deaths rate due to road traffic injuries [3.6.1],Ca Mau,Number,17
2012,Normal value,Units,Not Available,Annual,National,Number of deaths rate due to road traffic injuries [3.6.1],Ca Mau,Number,15
2013,Normal value,Units,Not Available,Annual,National,Number of deaths rate due to road traffic injuries [3.6.1],Ca Mau,Number,15
2014,Normal value,Units,Not Available,Annual,National,Number of deaths rate due to road traffic injuries [3.6.1],Ca Mau,Number,16
2015,Normal value,Units,Not Available,Annual,National,Number of deaths rate due to road traffic injuries [3.6.1],Ca Mau,Number,18
2016,Normal value,Units,Not Available,Annual,National,Number of deaths rate due to road traffic injuries [3.6.1],Ca Mau,Number,31
2017,Normal value,Units,Not Available,Annual,National,Number of deaths rate due to road traffic injuries [3.6.1],Ca Mau,Number,26
2018,Normal value,Units,Not Available,Annual,National,Number of deaths rate due to road traffic injuries [3.6.1],Ca Mau,Number,24
2019,Normal value,Units,Not Available,Annual,National,Number of deaths rate due to road traffic injuries [3.6.1],Ca Mau,Number,19
