Year,OBS_STATUS,UNIT_MULT,NATURE,FREQ,REPORTING_TYPE,SERIES,REF_AREA,UNIT_MEASURE,Value
2011,A,0,_X,A,N,SH_HIV_INCD,VN,PER_1000_UNINFECTED_POP,2.25
2012,A,0,_X,A,N,SH_HIV_INCD,VN,PER_1000_UNINFECTED_POP,2.38
2014,A,0,_X,A,N,SH_HIV_INCD,VN,PER_1000_UNINFECTED_POP,2.43
2015,A,0,_X,A,N,SH_HIV_INCD,VN,PER_1000_UNINFECTED_POP,2.51
2016,A,0,_X,A,N,SH_HIV_INCD,VN,PER_1000_UNINFECTED_POP,2.52
2017,A,0,_X,A,N,SH_HIV_INCD,VN,PER_1000_UNINFECTED_POP,2.44
2018,A,0,_X,A,N,SH_HIV_INCD,VN,PER_1000_UNINFECTED_POP,2.34
2019,A,0,_X,A,N,SH_HIV_INCD,VN,PER_1000_UNINFECTED_POP,2.25
