Year,OBS_STATUS,UNIT_MULT,NATURE,FREQ,REPORTING_TYPE,SERIES,REF_AREA,UNIT_MEASURE,Value
2010,A,6,_X,A,N,IS_RDP_PFVOL,VN,P_KM,97931.8
2011,A,6,_X,A,N,IS_RDP_PFVOL,VN,P_KM,108709.0
2012,A,6,_X,A,N,IS_RDP_PFVOL,VN,P_KM,116043.7
2013,A,6,_X,A,N,IS_RDP_PFVOL,VN,P_KM,124528.2
2014,A,6,_X,A,N,IS_RDP_PFVOL,VN,P_KM,139060.4
2015,A,6,_X,A,N,IS_RDP_PFVOL,VN,P_KM,154664.7
2016,A,6,_X,A,N,IS_RDP_PFVOL,VN,P_KM,169076.9
2017,A,6,_X,A,N,IS_RDP_PFVOL,VN,P_KM,186834.4
2018,A,6,_X,A,N,IS_RDP_PFVOL,VN,P_KM,206672.7
2019,A,6,_X,A,N,IS_RDP_PFVOL,VN,P_KM,230779.9
2010,A,6,_X,A,N,IS_RDP_PFVOL,VN_01,P_KM,14947.2
2011,A,6,_X,A,N,IS_RDP_PFVOL,VN_01,P_KM,16372.1
2012,A,6,_X,A,N,IS_RDP_PFVOL,VN_01,P_KM,17829.8
2013,A,6,_X,A,N,IS_RDP_PFVOL,VN_01,P_KM,19318.9
2014,A,6,_X,A,N,IS_RDP_PFVOL,VN_01,P_KM,20869.3
2015,A,6,_X,A,N,IS_RDP_PFVOL,VN_01,P_KM,22627.8
2016,A,6,_X,A,N,IS_RDP_PFVOL,VN_01,P_KM,24629.5
2017,A,6,_X,A,N,IS_RDP_PFVOL,VN_01,P_KM,26987.7
2018,A,6,_X,A,N,IS_RDP_PFVOL,VN_01,P_KM,29184.2
2010,A,6,_X,A,N,IS_RDP_PFVOL,VN_02,P_KM,4629.3
2011,A,6,_X,A,N,IS_RDP_PFVOL,VN_02,P_KM,4633.2
2012,A,6,_X,A,N,IS_RDP_PFVOL,VN_02,P_KM,4974.4
2013,A,6,_X,A,N,IS_RDP_PFVOL,VN_02,P_KM,5162.9
2014,A,6,_X,A,N,IS_RDP_PFVOL,VN_02,P_KM,5394.9
2015,A,6,_X,A,N,IS_RDP_PFVOL,VN_02,P_KM,5732.0
2016,A,6,_X,A,N,IS_RDP_PFVOL,VN_02,P_KM,6128.3
2017,A,6,_X,A,N,IS_RDP_PFVOL,VN_02,P_KM,6576.1
2018,A,6,_X,A,N,IS_RDP_PFVOL,VN_02,P_KM,7084.7
2010,A,6,_X,A,N,IS_RDP_PFVOL,VN_03,P_KM,13074.4
2011,A,6,_X,A,N,IS_RDP_PFVOL,VN_03,P_KM,14986.0
2012,A,6,_X,A,N,IS_RDP_PFVOL,VN_03,P_KM,16293.6
2013,A,6,_X,A,N,IS_RDP_PFVOL,VN_03,P_KM,17445.8
2014,A,6,_X,A,N,IS_RDP_PFVOL,VN_03,P_KM,18442.2
2015,A,6,_X,A,N,IS_RDP_PFVOL,VN_03,P_KM,20224.1
2016,A,6,_X,A,N,IS_RDP_PFVOL,VN_03,P_KM,22005.6
2017,A,6,_X,A,N,IS_RDP_PFVOL,VN_03,P_KM,23970.6
2018,A,6,_X,A,N,IS_RDP_PFVOL,VN_03,P_KM,25152.9
2010,A,6,_X,A,N,IS_RDP_PFVOL,VN_04,P_KM,4991.4
2011,A,6,_X,A,N,IS_RDP_PFVOL,VN_04,P_KM,5301.2
2012,A,6,_X,A,N,IS_RDP_PFVOL,VN_04,P_KM,5614.1
2013,A,6,_X,A,N,IS_RDP_PFVOL,VN_04,P_KM,5801.1
2014,A,6,_X,A,N,IS_RDP_PFVOL,VN_04,P_KM,5966.4
2015,A,6,_X,A,N,IS_RDP_PFVOL,VN_04,P_KM,6455.9
2016,A,6,_X,A,N,IS_RDP_PFVOL,VN_04,P_KM,6919.4
2017,A,6,_X,A,N,IS_RDP_PFVOL,VN_04,P_KM,7640.9
2018,A,6,_X,A,N,IS_RDP_PFVOL,VN_04,P_KM,8490.5
2010,A,6,_X,A,N,IS_RDP_PFVOL,VN_05,P_KM,18235.3
2011,A,6,_X,A,N,IS_RDP_PFVOL,VN_05,P_KM,22288.6
2012,A,6,_X,A,N,IS_RDP_PFVOL,VN_05,P_KM,23244.9
2013,A,6,_X,A,N,IS_RDP_PFVOL,VN_05,P_KM,25259.4
2014,A,6,_X,A,N,IS_RDP_PFVOL,VN_05,P_KM,27774.5
2015,A,6,_X,A,N,IS_RDP_PFVOL,VN_05,P_KM,30544.6
2016,A,6,_X,A,N,IS_RDP_PFVOL,VN_05,P_KM,32817.7
2017,A,6,_X,A,N,IS_RDP_PFVOL,VN_05,P_KM,35462.4
2018,A,6,_X,A,N,IS_RDP_PFVOL,VN_05,P_KM,40355.2
2010,A,6,_X,A,N,IS_RDP_PFVOL,VN_06,P_KM,16065.3
2011,A,6,_X,A,N,IS_RDP_PFVOL,VN_06,P_KM,17287.9
2012,A,6,_X,A,N,IS_RDP_PFVOL,VN_06,P_KM,18621.3
2013,A,6,_X,A,N,IS_RDP_PFVOL,VN_06,P_KM,19719.0
2014,A,6,_X,A,N,IS_RDP_PFVOL,VN_06,P_KM,20035.3
2015,A,6,_X,A,N,IS_RDP_PFVOL,VN_06,P_KM,20697.8
2016,A,6,_X,A,N,IS_RDP_PFVOL,VN_06,P_KM,21850.2
2017,A,6,_X,A,N,IS_RDP_PFVOL,VN_06,P_KM,23377.7
2018,A,6,_X,A,N,IS_RDP_PFVOL,VN_06,P_KM,25007.1
2010,A,6,_X,A,N,IS_RDP_PFVOL,01,P_KM,7174.2
2011,A,6,_X,A,N,IS_RDP_PFVOL,01,P_KM,7815.5
2012,A,6,_X,A,N,IS_RDP_PFVOL,01,P_KM,8581.1
2013,A,6,_X,A,N,IS_RDP_PFVOL,01,P_KM,9490.3
2014,A,6,_X,A,N,IS_RDP_PFVOL,01,P_KM,10623.3
2015,A,6,_X,A,N,IS_RDP_PFVOL,01,P_KM,11575.1
2016,A,6,_X,A,N,IS_RDP_PFVOL,01,P_KM,12634.6
2017,A,6,_X,A,N,IS_RDP_PFVOL,01,P_KM,13880.8
2018,A,6,_X,A,N,IS_RDP_PFVOL,01,P_KM,15087.3
2010,A,6,_X,A,N,IS_RDP_PFVOL,26,P_KM,1111.2
2011,A,6,_X,A,N,IS_RDP_PFVOL,26,P_KM,1198.2
2012,A,6,_X,A,N,IS_RDP_PFVOL,26,P_KM,1322.1
2013,A,6,_X,A,N,IS_RDP_PFVOL,26,P_KM,1406.2
2014,A,6,_X,A,N,IS_RDP_PFVOL,26,P_KM,1608.0
2015,A,6,_X,A,N,IS_RDP_PFVOL,26,P_KM,1717.2
2016,A,6,_X,A,N,IS_RDP_PFVOL,26,P_KM,1780.6
2017,A,6,_X,A,N,IS_RDP_PFVOL,26,P_KM,1887.2
2018,A,6,_X,A,N,IS_RDP_PFVOL,26,P_KM,1326.7
2010,A,6,_X,A,N,IS_RDP_PFVOL,27,P_KM,335.2
2011,A,6,_X,A,N,IS_RDP_PFVOL,27,P_KM,341.2
2012,A,6,_X,A,N,IS_RDP_PFVOL,27,P_KM,371.3
2013,A,6,_X,A,N,IS_RDP_PFVOL,27,P_KM,391.7
2014,A,6,_X,A,N,IS_RDP_PFVOL,27,P_KM,403.2
2015,A,6,_X,A,N,IS_RDP_PFVOL,27,P_KM,444.4
2016,A,6,_X,A,N,IS_RDP_PFVOL,27,P_KM,494.3
2017,A,6,_X,A,N,IS_RDP_PFVOL,27,P_KM,551.5
2018,A,6,_X,A,N,IS_RDP_PFVOL,27,P_KM,764.4
2010,A,6,_X,A,N,IS_RDP_PFVOL,22,P_KM,1375.0
2011,A,6,_X,A,N,IS_RDP_PFVOL,22,P_KM,1499.4
2012,A,6,_X,A,N,IS_RDP_PFVOL,22,P_KM,1606.2
2013,A,6,_X,A,N,IS_RDP_PFVOL,22,P_KM,1647.6
2014,A,6,_X,A,N,IS_RDP_PFVOL,22,P_KM,1599.8
2015,A,6,_X,A,N,IS_RDP_PFVOL,22,P_KM,1862.4
2016,A,6,_X,A,N,IS_RDP_PFVOL,22,P_KM,2070.8
2017,A,6,_X,A,N,IS_RDP_PFVOL,22,P_KM,2293.3
2018,A,6,_X,A,N,IS_RDP_PFVOL,22,P_KM,2708.9
2010,A,6,_X,A,N,IS_RDP_PFVOL,30,P_KM,718.1
2011,A,6,_X,A,N,IS_RDP_PFVOL,30,P_KM,845.8
2012,A,6,_X,A,N,IS_RDP_PFVOL,30,P_KM,954.7
2013,A,6,_X,A,N,IS_RDP_PFVOL,30,P_KM,1062.5
2014,A,6,_X,A,N,IS_RDP_PFVOL,30,P_KM,1092.9
2015,A,6,_X,A,N,IS_RDP_PFVOL,30,P_KM,1184.7
2016,A,6,_X,A,N,IS_RDP_PFVOL,30,P_KM,1300.6
2017,A,6,_X,A,N,IS_RDP_PFVOL,30,P_KM,1437.2
2018,A,6,_X,A,N,IS_RDP_PFVOL,30,P_KM,1591.7
2010,A,6,_X,A,N,IS_RDP_PFVOL,31,P_KM,1156.4
2011,A,6,_X,A,N,IS_RDP_PFVOL,31,P_KM,1294.2
2012,A,6,_X,A,N,IS_RDP_PFVOL,31,P_KM,1390.2
2013,A,6,_X,A,N,IS_RDP_PFVOL,31,P_KM,1524.6
2014,A,6,_X,A,N,IS_RDP_PFVOL,31,P_KM,1606.9
2015,A,6,_X,A,N,IS_RDP_PFVOL,31,P_KM,1672.1
2016,A,6,_X,A,N,IS_RDP_PFVOL,31,P_KM,1972.6
2017,A,6,_X,A,N,IS_RDP_PFVOL,31,P_KM,2191.4
2018,A,6,_X,A,N,IS_RDP_PFVOL,31,P_KM,2527.9
2010,A,6,_X,A,N,IS_RDP_PFVOL,33,P_KM,362.7
2011,A,6,_X,A,N,IS_RDP_PFVOL,33,P_KM,438.5
2012,A,6,_X,A,N,IS_RDP_PFVOL,33,P_KM,470.4
2013,A,6,_X,A,N,IS_RDP_PFVOL,33,P_KM,463.1
2014,A,6,_X,A,N,IS_RDP_PFVOL,33,P_KM,479.7
2015,A,6,_X,A,N,IS_RDP_PFVOL,33,P_KM,516.9
2016,A,6,_X,A,N,IS_RDP_PFVOL,33,P_KM,568.4
2017,A,6,_X,A,N,IS_RDP_PFVOL,33,P_KM,630.9
2018,A,6,_X,A,N,IS_RDP_PFVOL,33,P_KM,688.0
2010,A,6,_X,A,N,IS_RDP_PFVOL,34,P_KM,917.6
2011,A,6,_X,A,N,IS_RDP_PFVOL,34,P_KM,965.8
2012,A,6,_X,A,N,IS_RDP_PFVOL,34,P_KM,1030.6
2013,A,6,_X,A,N,IS_RDP_PFVOL,34,P_KM,1093.9
2014,A,6,_X,A,N,IS_RDP_PFVOL,34,P_KM,1158.9
2015,A,6,_X,A,N,IS_RDP_PFVOL,34,P_KM,1155.7
2016,A,6,_X,A,N,IS_RDP_PFVOL,34,P_KM,1130.3
2017,A,6,_X,A,N,IS_RDP_PFVOL,34,P_KM,1255.8
2018,A,6,_X,A,N,IS_RDP_PFVOL,34,P_KM,1477.4
2010,A,6,_X,A,N,IS_RDP_PFVOL,35,P_KM,232.4
2011,A,6,_X,A,N,IS_RDP_PFVOL,35,P_KM,246.8
2012,A,6,_X,A,N,IS_RDP_PFVOL,35,P_KM,255.9
2013,A,6,_X,A,N,IS_RDP_PFVOL,35,P_KM,264.2
2014,A,6,_X,A,N,IS_RDP_PFVOL,35,P_KM,273.0
2015,A,6,_X,A,N,IS_RDP_PFVOL,35,P_KM,297.1
2016,A,6,_X,A,N,IS_RDP_PFVOL,35,P_KM,308.9
2017,A,6,_X,A,N,IS_RDP_PFVOL,35,P_KM,324.3
2018,A,6,_X,A,N,IS_RDP_PFVOL,35,P_KM,336.3
2010,A,6,_X,A,N,IS_RDP_PFVOL,36,P_KM,1006.8
2011,A,6,_X,A,N,IS_RDP_PFVOL,36,P_KM,1151.4
2012,A,6,_X,A,N,IS_RDP_PFVOL,36,P_KM,1215.1
2013,A,6,_X,A,N,IS_RDP_PFVOL,36,P_KM,1308.6
2014,A,6,_X,A,N,IS_RDP_PFVOL,36,P_KM,1344.4
2015,A,6,_X,A,N,IS_RDP_PFVOL,36,P_KM,1411.6
2016,A,6,_X,A,N,IS_RDP_PFVOL,36,P_KM,1487.4
2017,A,6,_X,A,N,IS_RDP_PFVOL,36,P_KM,1637.6
2018,A,6,_X,A,N,IS_RDP_PFVOL,36,P_KM,1763.5
2010,A,6,_X,A,N,IS_RDP_PFVOL,37,P_KM,557.6
2011,A,6,_X,A,N,IS_RDP_PFVOL,37,P_KM,575.3
2012,A,6,_X,A,N,IS_RDP_PFVOL,37,P_KM,632.2
2013,A,6,_X,A,N,IS_RDP_PFVOL,37,P_KM,666.2
2014,A,6,_X,A,N,IS_RDP_PFVOL,37,P_KM,679.2
2015,A,6,_X,A,N,IS_RDP_PFVOL,37,P_KM,790.6
2016,A,6,_X,A,N,IS_RDP_PFVOL,37,P_KM,881.0
2017,A,6,_X,A,N,IS_RDP_PFVOL,37,P_KM,897.7
2018,A,6,_X,A,N,IS_RDP_PFVOL,37,P_KM,912.1
2010,A,6,_X,A,N,IS_RDP_PFVOL,02,P_KM,120.7
2011,A,6,_X,A,N,IS_RDP_PFVOL,02,P_KM,123.7
2012,A,6,_X,A,N,IS_RDP_PFVOL,02,P_KM,129.6
2013,A,6,_X,A,N,IS_RDP_PFVOL,02,P_KM,133.7
2014,A,6,_X,A,N,IS_RDP_PFVOL,02,P_KM,141.1
2015,A,6,_X,A,N,IS_RDP_PFVOL,02,P_KM,151.5
2016,A,6,_X,A,N,IS_RDP_PFVOL,02,P_KM,160.1
2017,A,6,_X,A,N,IS_RDP_PFVOL,02,P_KM,173.4
2018,A,6,_X,A,N,IS_RDP_PFVOL,02,P_KM,197.9
2010,A,6,_X,A,N,IS_RDP_PFVOL,04,P_KM,78.7
2011,A,6,_X,A,N,IS_RDP_PFVOL,04,P_KM,73.4
2012,A,6,_X,A,N,IS_RDP_PFVOL,04,P_KM,76.3
2013,A,6,_X,A,N,IS_RDP_PFVOL,04,P_KM,79.9
2014,A,6,_X,A,N,IS_RDP_PFVOL,04,P_KM,82.9
2015,A,6,_X,A,N,IS_RDP_PFVOL,04,P_KM,94.3
2016,A,6,_X,A,N,IS_RDP_PFVOL,04,P_KM,97.7
2017,A,6,_X,A,N,IS_RDP_PFVOL,04,P_KM,98.1
2018,A,6,_X,A,N,IS_RDP_PFVOL,04,P_KM,94.2
2010,A,6,_X,A,N,IS_RDP_PFVOL,06,P_KM,203.7
2011,A,6,_X,A,N,IS_RDP_PFVOL,06,P_KM,227.1
2012,A,6,_X,A,N,IS_RDP_PFVOL,06,P_KM,221.4
2013,A,6,_X,A,N,IS_RDP_PFVOL,06,P_KM,215.9
2014,A,6,_X,A,N,IS_RDP_PFVOL,06,P_KM,220.8
2015,A,6,_X,A,N,IS_RDP_PFVOL,06,P_KM,227.6
2016,A,6,_X,A,N,IS_RDP_PFVOL,06,P_KM,237.2
2017,A,6,_X,A,N,IS_RDP_PFVOL,06,P_KM,235.6
2018,A,6,_X,A,N,IS_RDP_PFVOL,06,P_KM,207.8
2010,A,6,_X,A,N,IS_RDP_PFVOL,08,P_KM,643.4
2011,A,6,_X,A,N,IS_RDP_PFVOL,08,P_KM,651.7
2012,A,6,_X,A,N,IS_RDP_PFVOL,08,P_KM,669.8
2013,A,6,_X,A,N,IS_RDP_PFVOL,08,P_KM,636.1
2014,A,6,_X,A,N,IS_RDP_PFVOL,08,P_KM,662.3
2015,A,6,_X,A,N,IS_RDP_PFVOL,08,P_KM,719.3
2016,A,6,_X,A,N,IS_RDP_PFVOL,08,P_KM,729.4
2017,A,6,_X,A,N,IS_RDP_PFVOL,08,P_KM,767.8
2018,A,6,_X,A,N,IS_RDP_PFVOL,08,P_KM,846.7
2010,A,6,_X,A,N,IS_RDP_PFVOL,10,P_KM,148.0
2011,A,6,_X,A,N,IS_RDP_PFVOL,10,P_KM,140.4
2012,A,6,_X,A,N,IS_RDP_PFVOL,10,P_KM,143.7
2013,A,6,_X,A,N,IS_RDP_PFVOL,10,P_KM,154.2
2014,A,6,_X,A,N,IS_RDP_PFVOL,10,P_KM,166.7
2015,A,6,_X,A,N,IS_RDP_PFVOL,10,P_KM,192.5
2016,A,6,_X,A,N,IS_RDP_PFVOL,10,P_KM,221.7
2017,A,6,_X,A,N,IS_RDP_PFVOL,10,P_KM,246.5
2018,A,6,_X,A,N,IS_RDP_PFVOL,10,P_KM,334.0
2010,A,6,_X,A,N,IS_RDP_PFVOL,15,P_KM,308.0
2011,A,6,_X,A,N,IS_RDP_PFVOL,15,P_KM,304.5
2012,A,6,_X,A,N,IS_RDP_PFVOL,15,P_KM,333.6
2013,A,6,_X,A,N,IS_RDP_PFVOL,15,P_KM,356.1
2014,A,6,_X,A,N,IS_RDP_PFVOL,15,P_KM,366.2
2015,A,6,_X,A,N,IS_RDP_PFVOL,15,P_KM,384.4
2016,A,6,_X,A,N,IS_RDP_PFVOL,15,P_KM,399.8
2017,A,6,_X,A,N,IS_RDP_PFVOL,15,P_KM,422.2
2018,A,6,_X,A,N,IS_RDP_PFVOL,15,P_KM,446.0
2010,A,6,_X,A,N,IS_RDP_PFVOL,19,P_KM,468.4
2011,A,6,_X,A,N,IS_RDP_PFVOL,19,P_KM,523.9
2012,A,6,_X,A,N,IS_RDP_PFVOL,19,P_KM,573.2
2013,A,6,_X,A,N,IS_RDP_PFVOL,19,P_KM,609.8
2014,A,6,_X,A,N,IS_RDP_PFVOL,19,P_KM,653.0
2015,A,6,_X,A,N,IS_RDP_PFVOL,19,P_KM,689.6
2016,A,6,_X,A,N,IS_RDP_PFVOL,19,P_KM,741.6
2017,A,6,_X,A,N,IS_RDP_PFVOL,19,P_KM,797.9
2018,A,6,_X,A,N,IS_RDP_PFVOL,19,P_KM,860.1
2010,A,6,_X,A,N,IS_RDP_PFVOL,20,P_KM,322.3
2011,A,6,_X,A,N,IS_RDP_PFVOL,20,P_KM,355.4
2012,A,6,_X,A,N,IS_RDP_PFVOL,20,P_KM,383.7
2013,A,6,_X,A,N,IS_RDP_PFVOL,20,P_KM,410.0
2014,A,6,_X,A,N,IS_RDP_PFVOL,20,P_KM,422.1
2015,A,6,_X,A,N,IS_RDP_PFVOL,20,P_KM,437.7
2016,A,6,_X,A,N,IS_RDP_PFVOL,20,P_KM,453.0
2017,A,6,_X,A,N,IS_RDP_PFVOL,20,P_KM,499.2
2018,A,6,_X,A,N,IS_RDP_PFVOL,20,P_KM,569.2
2010,A,6,_X,A,N,IS_RDP_PFVOL,24,P_KM,977.5
2011,A,6,_X,A,N,IS_RDP_PFVOL,24,P_KM,977.8
2012,A,6,_X,A,N,IS_RDP_PFVOL,24,P_KM,1082.0
2013,A,6,_X,A,N,IS_RDP_PFVOL,24,P_KM,1164.4
2014,A,6,_X,A,N,IS_RDP_PFVOL,24,P_KM,1225.2
2015,A,6,_X,A,N,IS_RDP_PFVOL,24,P_KM,1263.4
2016,A,6,_X,A,N,IS_RDP_PFVOL,24,P_KM,1364.1
2017,A,6,_X,A,N,IS_RDP_PFVOL,24,P_KM,1477.2
2018,A,6,_X,A,N,IS_RDP_PFVOL,24,P_KM,1596.4
2010,A,6,_X,A,N,IS_RDP_PFVOL,25,P_KM,616.1
2011,A,6,_X,A,N,IS_RDP_PFVOL,25,P_KM,557.1
2012,A,6,_X,A,N,IS_RDP_PFVOL,25,P_KM,608.0
2013,A,6,_X,A,N,IS_RDP_PFVOL,25,P_KM,618.6
2014,A,6,_X,A,N,IS_RDP_PFVOL,25,P_KM,643.9
2015,A,6,_X,A,N,IS_RDP_PFVOL,25,P_KM,708.3
2016,A,6,_X,A,N,IS_RDP_PFVOL,25,P_KM,790.5
2017,A,6,_X,A,N,IS_RDP_PFVOL,25,P_KM,853.7
2018,A,6,_X,A,N,IS_RDP_PFVOL,25,P_KM,817.6
2010,A,6,_X,A,N,IS_RDP_PFVOL,11,P_KM,157.9
2011,A,6,_X,A,N,IS_RDP_PFVOL,11,P_KM,142.9
2012,A,6,_X,A,N,IS_RDP_PFVOL,11,P_KM,156.5
2013,A,6,_X,A,N,IS_RDP_PFVOL,11,P_KM,168.7
2014,A,6,_X,A,N,IS_RDP_PFVOL,11,P_KM,183.6
2015,A,6,_X,A,N,IS_RDP_PFVOL,11,P_KM,194.5
2016,A,6,_X,A,N,IS_RDP_PFVOL,11,P_KM,209.9
2017,A,6,_X,A,N,IS_RDP_PFVOL,11,P_KM,234.7
2018,A,6,_X,A,N,IS_RDP_PFVOL,11,P_KM,278.2
2010,A,6,_X,A,N,IS_RDP_PFVOL,12,P_KM,22.3
2011,A,6,_X,A,N,IS_RDP_PFVOL,12,P_KM,22.4
2012,A,6,_X,A,N,IS_RDP_PFVOL,12,P_KM,22.9
2013,A,6,_X,A,N,IS_RDP_PFVOL,12,P_KM,24.3
2014,A,6,_X,A,N,IS_RDP_PFVOL,12,P_KM,24.6
2015,A,6,_X,A,N,IS_RDP_PFVOL,12,P_KM,25.5
2016,A,6,_X,A,N,IS_RDP_PFVOL,12,P_KM,25.9
2017,A,6,_X,A,N,IS_RDP_PFVOL,12,P_KM,26.8
2018,A,6,_X,A,N,IS_RDP_PFVOL,12,P_KM,34.3
2010,A,6,_X,A,N,IS_RDP_PFVOL,14,P_KM,279.3
2011,A,6,_X,A,N,IS_RDP_PFVOL,14,P_KM,251.0
2012,A,6,_X,A,N,IS_RDP_PFVOL,14,P_KM,272.4
2013,A,6,_X,A,N,IS_RDP_PFVOL,14,P_KM,286.4
2014,A,6,_X,A,N,IS_RDP_PFVOL,14,P_KM,289.6
2015,A,6,_X,A,N,IS_RDP_PFVOL,14,P_KM,306.0
2016,A,6,_X,A,N,IS_RDP_PFVOL,14,P_KM,317.0
2017,A,6,_X,A,N,IS_RDP_PFVOL,14,P_KM,340.0
2018,A,6,_X,A,N,IS_RDP_PFVOL,14,P_KM,374.8
2010,A,6,_X,A,N,IS_RDP_PFVOL,17,P_KM,283.0
2011,A,6,_X,A,N,IS_RDP_PFVOL,17,P_KM,281.9
2012,A,6,_X,A,N,IS_RDP_PFVOL,17,P_KM,301.3
2013,A,6,_X,A,N,IS_RDP_PFVOL,17,P_KM,304.8
2014,A,6,_X,A,N,IS_RDP_PFVOL,17,P_KM,312.9
2015,A,6,_X,A,N,IS_RDP_PFVOL,17,P_KM,337.4
2016,A,6,_X,A,N,IS_RDP_PFVOL,17,P_KM,380.4
2017,A,6,_X,A,N,IS_RDP_PFVOL,17,P_KM,403.0
2018,A,6,_X,A,N,IS_RDP_PFVOL,17,P_KM,427.5
2010,A,6,_X,A,N,IS_RDP_PFVOL,38,P_KM,858.2
2011,A,6,_X,A,N,IS_RDP_PFVOL,38,P_KM,963.1
2012,A,6,_X,A,N,IS_RDP_PFVOL,38,P_KM,1094.2
2013,A,6,_X,A,N,IS_RDP_PFVOL,38,P_KM,1190.0
2014,A,6,_X,A,N,IS_RDP_PFVOL,38,P_KM,1268.8
2015,A,6,_X,A,N,IS_RDP_PFVOL,38,P_KM,1546.4
2016,A,6,_X,A,N,IS_RDP_PFVOL,38,P_KM,1690.1
2017,A,6,_X,A,N,IS_RDP_PFVOL,38,P_KM,1882.7
2018,A,6,_X,A,N,IS_RDP_PFVOL,38,P_KM,1919.3
2010,A,6,_X,A,N,IS_RDP_PFVOL,40,P_KM,2837.0
2011,A,6,_X,A,N,IS_RDP_PFVOL,40,P_KM,3341.5
2012,A,6,_X,A,N,IS_RDP_PFVOL,40,P_KM,3702.1
2013,A,6,_X,A,N,IS_RDP_PFVOL,40,P_KM,4002.6
2014,A,6,_X,A,N,IS_RDP_PFVOL,40,P_KM,4350.3
2015,A,6,_X,A,N,IS_RDP_PFVOL,40,P_KM,4970.1
2016,A,6,_X,A,N,IS_RDP_PFVOL,40,P_KM,5439.5
2017,A,6,_X,A,N,IS_RDP_PFVOL,40,P_KM,6054.0
2018,A,6,_X,A,N,IS_RDP_PFVOL,40,P_KM,5890.7
2010,A,6,_X,A,N,IS_RDP_PFVOL,42,P_KM,1516.0
2011,A,6,_X,A,N,IS_RDP_PFVOL,42,P_KM,1773.0
2012,A,6,_X,A,N,IS_RDP_PFVOL,42,P_KM,1898.6
2013,A,6,_X,A,N,IS_RDP_PFVOL,42,P_KM,1973.3
2014,A,6,_X,A,N,IS_RDP_PFVOL,42,P_KM,2113.1
2015,A,6,_X,A,N,IS_RDP_PFVOL,42,P_KM,2501.7
2016,A,6,_X,A,N,IS_RDP_PFVOL,42,P_KM,2704.3
2017,A,6,_X,A,N,IS_RDP_PFVOL,42,P_KM,2872.0
2018,A,6,_X,A,N,IS_RDP_PFVOL,42,P_KM,2985.1
2010,A,6,_X,A,N,IS_RDP_PFVOL,44,P_KM,473.4
2011,A,6,_X,A,N,IS_RDP_PFVOL,44,P_KM,566.8
2012,A,6,_X,A,N,IS_RDP_PFVOL,44,P_KM,608.5
2013,A,6,_X,A,N,IS_RDP_PFVOL,44,P_KM,634.5
2014,A,6,_X,A,N,IS_RDP_PFVOL,44,P_KM,661.3
2015,A,6,_X,A,N,IS_RDP_PFVOL,44,P_KM,706.4
2016,A,6,_X,A,N,IS_RDP_PFVOL,44,P_KM,753.6
2017,A,6,_X,A,N,IS_RDP_PFVOL,44,P_KM,821.7
2018,A,6,_X,A,N,IS_RDP_PFVOL,44,P_KM,897.2
2010,A,6,_X,A,N,IS_RDP_PFVOL,45,P_KM,627.4
2011,A,6,_X,A,N,IS_RDP_PFVOL,45,P_KM,568.2
2012,A,6,_X,A,N,IS_RDP_PFVOL,45,P_KM,591.7
2013,A,6,_X,A,N,IS_RDP_PFVOL,45,P_KM,590.4
2014,A,6,_X,A,N,IS_RDP_PFVOL,45,P_KM,522.1
2015,A,6,_X,A,N,IS_RDP_PFVOL,45,P_KM,533.9
2016,A,6,_X,A,N,IS_RDP_PFVOL,45,P_KM,572.5
2017,A,6,_X,A,N,IS_RDP_PFVOL,45,P_KM,603.4
2018,A,6,_X,A,N,IS_RDP_PFVOL,45,P_KM,656.9
2010,A,6,_X,A,N,IS_RDP_PFVOL,46,P_KM,746.8
2011,A,6,_X,A,N,IS_RDP_PFVOL,46,P_KM,732.5
2012,A,6,_X,A,N,IS_RDP_PFVOL,46,P_KM,792.3
2013,A,6,_X,A,N,IS_RDP_PFVOL,46,P_KM,853.0
2014,A,6,_X,A,N,IS_RDP_PFVOL,46,P_KM,839.5
2015,A,6,_X,A,N,IS_RDP_PFVOL,46,P_KM,849.6
2016,A,6,_X,A,N,IS_RDP_PFVOL,46,P_KM,923.6
2017,A,6,_X,A,N,IS_RDP_PFVOL,46,P_KM,984.4
2018,A,6,_X,A,N,IS_RDP_PFVOL,46,P_KM,1112.5
2010,A,6,_X,A,N,IS_RDP_PFVOL,48,P_KM,1097.0
2011,A,6,_X,A,N,IS_RDP_PFVOL,48,P_KM,1209.3
2012,A,6,_X,A,N,IS_RDP_PFVOL,48,P_KM,1324.9
2013,A,6,_X,A,N,IS_RDP_PFVOL,48,P_KM,1455.0
2014,A,6,_X,A,N,IS_RDP_PFVOL,48,P_KM,1520.9
2015,A,6,_X,A,N,IS_RDP_PFVOL,48,P_KM,1309.8
2016,A,6,_X,A,N,IS_RDP_PFVOL,48,P_KM,1443.8
2017,A,6,_X,A,N,IS_RDP_PFVOL,48,P_KM,1521.7
2018,A,6,_X,A,N,IS_RDP_PFVOL,48,P_KM,1154.4
2010,A,6,_X,A,N,IS_RDP_PFVOL,49,P_KM,637.1
2011,A,6,_X,A,N,IS_RDP_PFVOL,49,P_KM,655.2
2012,A,6,_X,A,N,IS_RDP_PFVOL,49,P_KM,678.8
2013,A,6,_X,A,N,IS_RDP_PFVOL,49,P_KM,701.2
2014,A,6,_X,A,N,IS_RDP_PFVOL,49,P_KM,735.1
2015,A,6,_X,A,N,IS_RDP_PFVOL,49,P_KM,788.3
2016,A,6,_X,A,N,IS_RDP_PFVOL,49,P_KM,870.1
2017,A,6,_X,A,N,IS_RDP_PFVOL,49,P_KM,941.1
2018,A,6,_X,A,N,IS_RDP_PFVOL,49,P_KM,697.8
2010,A,6,_X,A,N,IS_RDP_PFVOL,51,P_KM,537.7
2011,A,6,_X,A,N,IS_RDP_PFVOL,51,P_KM,652.9
2012,A,6,_X,A,N,IS_RDP_PFVOL,51,P_KM,699.0
2013,A,6,_X,A,N,IS_RDP_PFVOL,51,P_KM,739.4
2014,A,6,_X,A,N,IS_RDP_PFVOL,51,P_KM,764.8
2015,A,6,_X,A,N,IS_RDP_PFVOL,51,P_KM,856.1
2016,A,6,_X,A,N,IS_RDP_PFVOL,51,P_KM,915.4
2017,A,6,_X,A,N,IS_RDP_PFVOL,51,P_KM,1018.3
2018,A,6,_X,A,N,IS_RDP_PFVOL,51,P_KM,1152.5
2010,A,6,_X,A,N,IS_RDP_PFVOL,52,P_KM,1365.3
2011,A,6,_X,A,N,IS_RDP_PFVOL,52,P_KM,2105.8
2012,A,6,_X,A,N,IS_RDP_PFVOL,52,P_KM,2261.4
2013,A,6,_X,A,N,IS_RDP_PFVOL,52,P_KM,2460.1
2014,A,6,_X,A,N,IS_RDP_PFVOL,52,P_KM,2624.8
2015,A,6,_X,A,N,IS_RDP_PFVOL,52,P_KM,2794.5
2016,A,6,_X,A,N,IS_RDP_PFVOL,52,P_KM,2999.5
2017,A,6,_X,A,N,IS_RDP_PFVOL,52,P_KM,3200.5
2018,A,6,_X,A,N,IS_RDP_PFVOL,52,P_KM,3922.3
2010,A,6,_X,A,N,IS_RDP_PFVOL,54,P_KM,563.9
2011,A,6,_X,A,N,IS_RDP_PFVOL,54,P_KM,579.7
2012,A,6,_X,A,N,IS_RDP_PFVOL,54,P_KM,637.7
2013,A,6,_X,A,N,IS_RDP_PFVOL,54,P_KM,681.1
2014,A,6,_X,A,N,IS_RDP_PFVOL,54,P_KM,722.4
2015,A,6,_X,A,N,IS_RDP_PFVOL,54,P_KM,766.3
2016,A,6,_X,A,N,IS_RDP_PFVOL,54,P_KM,840.6
2017,A,6,_X,A,N,IS_RDP_PFVOL,54,P_KM,923.8
2018,A,6,_X,A,N,IS_RDP_PFVOL,54,P_KM,1130.5
2010,A,6,_X,A,N,IS_RDP_PFVOL,56,P_KM,928.0
2011,A,6,_X,A,N,IS_RDP_PFVOL,56,P_KM,968.0
2012,A,6,_X,A,N,IS_RDP_PFVOL,56,P_KM,1083.7
2013,A,6,_X,A,N,IS_RDP_PFVOL,56,P_KM,1187.7
2014,A,6,_X,A,N,IS_RDP_PFVOL,56,P_KM,1300.8
2015,A,6,_X,A,N,IS_RDP_PFVOL,56,P_KM,1477.7
2016,A,6,_X,A,N,IS_RDP_PFVOL,56,P_KM,1628.6
2017,A,6,_X,A,N,IS_RDP_PFVOL,56,P_KM,1808.0
2018,A,6,_X,A,N,IS_RDP_PFVOL,56,P_KM,2119.3
2010,A,6,_X,A,N,IS_RDP_PFVOL,58,P_KM,340.4
2011,A,6,_X,A,N,IS_RDP_PFVOL,58,P_KM,301.7
2012,A,6,_X,A,N,IS_RDP_PFVOL,58,P_KM,311.6
2013,A,6,_X,A,N,IS_RDP_PFVOL,58,P_KM,331.5
2014,A,6,_X,A,N,IS_RDP_PFVOL,58,P_KM,345.2
2015,A,6,_X,A,N,IS_RDP_PFVOL,58,P_KM,377.3
2016,A,6,_X,A,N,IS_RDP_PFVOL,58,P_KM,411.6
2017,A,6,_X,A,N,IS_RDP_PFVOL,58,P_KM,443.7
2018,A,6,_X,A,N,IS_RDP_PFVOL,58,P_KM,460.2
2010,A,6,_X,A,N,IS_RDP_PFVOL,60,P_KM,546.2
2011,A,6,_X,A,N,IS_RDP_PFVOL,60,P_KM,568.3
2012,A,6,_X,A,N,IS_RDP_PFVOL,60,P_KM,609.1
2013,A,6,_X,A,N,IS_RDP_PFVOL,60,P_KM,646.0
2014,A,6,_X,A,N,IS_RDP_PFVOL,60,P_KM,673.1
2015,A,6,_X,A,N,IS_RDP_PFVOL,60,P_KM,746.0
2016,A,6,_X,A,N,IS_RDP_PFVOL,60,P_KM,812.4
2017,A,6,_X,A,N,IS_RDP_PFVOL,60,P_KM,895.3
2018,A,6,_X,A,N,IS_RDP_PFVOL,60,P_KM,1054.2
2010,A,6,_X,A,N,IS_RDP_PFVOL,62,P_KM,193.9
2011,A,6,_X,A,N,IS_RDP_PFVOL,62,P_KM,201.5
2012,A,6,_X,A,N,IS_RDP_PFVOL,62,P_KM,209.5
2013,A,6,_X,A,N,IS_RDP_PFVOL,62,P_KM,222.6
2014,A,6,_X,A,N,IS_RDP_PFVOL,62,P_KM,239.9
2015,A,6,_X,A,N,IS_RDP_PFVOL,62,P_KM,267.0
2016,A,6,_X,A,N,IS_RDP_PFVOL,62,P_KM,290.2
2017,A,6,_X,A,N,IS_RDP_PFVOL,62,P_KM,323.3
2018,A,6,_X,A,N,IS_RDP_PFVOL,62,P_KM,353.3
2010,A,6,_X,A,N,IS_RDP_PFVOL,64,P_KM,854.3
2011,A,6,_X,A,N,IS_RDP_PFVOL,64,P_KM,875.5
2012,A,6,_X,A,N,IS_RDP_PFVOL,64,P_KM,899.2
2013,A,6,_X,A,N,IS_RDP_PFVOL,64,P_KM,919.5
2014,A,6,_X,A,N,IS_RDP_PFVOL,64,P_KM,969.5
2015,A,6,_X,A,N,IS_RDP_PFVOL,64,P_KM,1091.7
2016,A,6,_X,A,N,IS_RDP_PFVOL,64,P_KM,1205.2
2017,A,6,_X,A,N,IS_RDP_PFVOL,64,P_KM,1331.7
2018,A,6,_X,A,N,IS_RDP_PFVOL,64,P_KM,1418.3
2010,A,6,_X,A,N,IS_RDP_PFVOL,66,P_KM,1573.0
2011,A,6,_X,A,N,IS_RDP_PFVOL,66,P_KM,1698.2
2012,A,6,_X,A,N,IS_RDP_PFVOL,66,P_KM,1787.5
2013,A,6,_X,A,N,IS_RDP_PFVOL,66,P_KM,1849.5
2014,A,6,_X,A,N,IS_RDP_PFVOL,66,P_KM,1970.5
2015,A,6,_X,A,N,IS_RDP_PFVOL,66,P_KM,1997.5
2016,A,6,_X,A,N,IS_RDP_PFVOL,66,P_KM,2101.4
2017,A,6,_X,A,N,IS_RDP_PFVOL,66,P_KM,2330.5
2018,A,6,_X,A,N,IS_RDP_PFVOL,66,P_KM,2612.5
2010,A,6,_X,A,N,IS_RDP_PFVOL,67,P_KM,267.9
2011,A,6,_X,A,N,IS_RDP_PFVOL,67,P_KM,292.1
2012,A,6,_X,A,N,IS_RDP_PFVOL,67,P_KM,305.3
2013,A,6,_X,A,N,IS_RDP_PFVOL,67,P_KM,315.4
2014,A,6,_X,A,N,IS_RDP_PFVOL,67,P_KM,329.5
2015,A,6,_X,A,N,IS_RDP_PFVOL,67,P_KM,374.9
2016,A,6,_X,A,N,IS_RDP_PFVOL,67,P_KM,391.0
2017,A,6,_X,A,N,IS_RDP_PFVOL,67,P_KM,416.0
2018,A,6,_X,A,N,IS_RDP_PFVOL,67,P_KM,518.8
2010,A,6,_X,A,N,IS_RDP_PFVOL,68,P_KM,2102.3
2011,A,6,_X,A,N,IS_RDP_PFVOL,68,P_KM,2233.9
2012,A,6,_X,A,N,IS_RDP_PFVOL,68,P_KM,2412.6
2013,A,6,_X,A,N,IS_RDP_PFVOL,68,P_KM,2494.1
2014,A,6,_X,A,N,IS_RDP_PFVOL,68,P_KM,2457.0
2015,A,6,_X,A,N,IS_RDP_PFVOL,68,P_KM,2724.8
2016,A,6,_X,A,N,IS_RDP_PFVOL,68,P_KM,2931.6
2017,A,6,_X,A,N,IS_RDP_PFVOL,68,P_KM,3239.4
2018,A,6,_X,A,N,IS_RDP_PFVOL,68,P_KM,3587.6
2010,A,6,_X,A,N,IS_RDP_PFVOL,70,P_KM,811.3
2011,A,6,_X,A,N,IS_RDP_PFVOL,70,P_KM,904.5
2012,A,6,_X,A,N,IS_RDP_PFVOL,70,P_KM,978.1
2013,A,6,_X,A,N,IS_RDP_PFVOL,70,P_KM,1053.6
2014,A,6,_X,A,N,IS_RDP_PFVOL,70,P_KM,1099.9
2015,A,6,_X,A,N,IS_RDP_PFVOL,70,P_KM,1176.9
2016,A,6,_X,A,N,IS_RDP_PFVOL,70,P_KM,1305.2
2017,A,6,_X,A,N,IS_RDP_PFVOL,70,P_KM,1438.3
2018,A,6,_X,A,N,IS_RDP_PFVOL,70,P_KM,1698.0
2010,A,6,_X,A,N,IS_RDP_PFVOL,72,P_KM,961.8
2011,A,6,_X,A,N,IS_RDP_PFVOL,72,P_KM,996.6
2012,A,6,_X,A,N,IS_RDP_PFVOL,72,P_KM,1067.5
2013,A,6,_X,A,N,IS_RDP_PFVOL,72,P_KM,1135.6
2014,A,6,_X,A,N,IS_RDP_PFVOL,72,P_KM,1145.4
2015,A,6,_X,A,N,IS_RDP_PFVOL,72,P_KM,1213.6
2016,A,6,_X,A,N,IS_RDP_PFVOL,72,P_KM,1280.9
2017,A,6,_X,A,N,IS_RDP_PFVOL,72,P_KM,1369.2
2018,A,6,_X,A,N,IS_RDP_PFVOL,72,P_KM,1477.5
2010,A,6,_X,A,N,IS_RDP_PFVOL,74,P_KM,1822.2
2011,A,6,_X,A,N,IS_RDP_PFVOL,74,P_KM,1959.2
2012,A,6,_X,A,N,IS_RDP_PFVOL,74,P_KM,2113.0
2013,A,6,_X,A,N,IS_RDP_PFVOL,74,P_KM,2259.9
2014,A,6,_X,A,N,IS_RDP_PFVOL,74,P_KM,2422.6
2015,A,6,_X,A,N,IS_RDP_PFVOL,74,P_KM,2686.4
2016,A,6,_X,A,N,IS_RDP_PFVOL,74,P_KM,2981.7
2017,A,6,_X,A,N,IS_RDP_PFVOL,74,P_KM,3106.8
2018,A,6,_X,A,N,IS_RDP_PFVOL,74,P_KM,3278.8
2010,A,6,_X,A,N,IS_RDP_PFVOL,75,P_KM,3641.0
2011,A,6,_X,A,N,IS_RDP_PFVOL,75,P_KM,4090.1
2012,A,6,_X,A,N,IS_RDP_PFVOL,75,P_KM,4493.1
2013,A,6,_X,A,N,IS_RDP_PFVOL,75,P_KM,4862.7
2014,A,6,_X,A,N,IS_RDP_PFVOL,75,P_KM,5211.4
2015,A,6,_X,A,N,IS_RDP_PFVOL,75,P_KM,5521.9
2016,A,6,_X,A,N,IS_RDP_PFVOL,75,P_KM,5852.8
2017,A,6,_X,A,N,IS_RDP_PFVOL,75,P_KM,6203.9
2018,A,6,_X,A,N,IS_RDP_PFVOL,75,P_KM,6583.2
2010,A,6,_X,A,N,IS_RDP_PFVOL,77,P_KM,2163.5
2011,A,6,_X,A,N,IS_RDP_PFVOL,77,P_KM,2194.8
2012,A,6,_X,A,N,IS_RDP_PFVOL,77,P_KM,2432.1
2013,A,6,_X,A,N,IS_RDP_PFVOL,77,P_KM,2560.0
2014,A,6,_X,A,N,IS_RDP_PFVOL,77,P_KM,2522.6
2015,A,6,_X,A,N,IS_RDP_PFVOL,77,P_KM,2752.2
2016,A,6,_X,A,N,IS_RDP_PFVOL,77,P_KM,2788.1
2017,A,6,_X,A,N,IS_RDP_PFVOL,77,P_KM,2926.7
2018,A,6,_X,A,N,IS_RDP_PFVOL,77,P_KM,3287.9
2010,A,6,_X,A,N,IS_RDP_PFVOL,79,P_KM,8835.5
2011,A,6,_X,A,N,IS_RDP_PFVOL,79,P_KM,12143.4
2012,A,6,_X,A,N,IS_RDP_PFVOL,79,P_KM,12161.1
2013,A,6,_X,A,N,IS_RDP_PFVOL,79,P_KM,13387.6
2014,A,6,_X,A,N,IS_RDP_PFVOL,79,P_KM,15372.6
2015,A,6,_X,A,N,IS_RDP_PFVOL,79,P_KM,17193.6
2016,A,6,_X,A,N,IS_RDP_PFVOL,79,P_KM,18609.0
2017,A,6,_X,A,N,IS_RDP_PFVOL,79,P_KM,20417.5
2018,A,6,_X,A,N,IS_RDP_PFVOL,79,P_KM,24029.8
2010,A,6,_X,A,N,IS_RDP_PFVOL,80,P_KM,1017.8
2011,A,6,_X,A,N,IS_RDP_PFVOL,80,P_KM,1110.4
2012,A,6,_X,A,N,IS_RDP_PFVOL,80,P_KM,1211.7
2013,A,6,_X,A,N,IS_RDP_PFVOL,80,P_KM,1294.0
2014,A,6,_X,A,N,IS_RDP_PFVOL,80,P_KM,1337.0
2015,A,6,_X,A,N,IS_RDP_PFVOL,80,P_KM,1409.7
2016,A,6,_X,A,N,IS_RDP_PFVOL,80,P_KM,1504.5
2017,A,6,_X,A,N,IS_RDP_PFVOL,80,P_KM,1656.0
2018,A,6,_X,A,N,IS_RDP_PFVOL,80,P_KM,1698.9
2010,A,6,_X,A,N,IS_RDP_PFVOL,82,P_KM,998.3
2011,A,6,_X,A,N,IS_RDP_PFVOL,82,P_KM,1053.5
2012,A,6,_X,A,N,IS_RDP_PFVOL,82,P_KM,1120.4
2013,A,6,_X,A,N,IS_RDP_PFVOL,82,P_KM,1231.1
2014,A,6,_X,A,N,IS_RDP_PFVOL,82,P_KM,1289.9
2015,A,6,_X,A,N,IS_RDP_PFVOL,82,P_KM,1500.9
2016,A,6,_X,A,N,IS_RDP_PFVOL,82,P_KM,1505.9
2017,A,6,_X,A,N,IS_RDP_PFVOL,82,P_KM,1593.3
2018,A,6,_X,A,N,IS_RDP_PFVOL,82,P_KM,1660.4
2010,A,6,_X,A,N,IS_RDP_PFVOL,83,P_KM,1109.1
2011,A,6,_X,A,N,IS_RDP_PFVOL,83,P_KM,1274.1
2012,A,6,_X,A,N,IS_RDP_PFVOL,83,P_KM,1348.8
2013,A,6,_X,A,N,IS_RDP_PFVOL,83,P_KM,1462.5
2014,A,6,_X,A,N,IS_RDP_PFVOL,83,P_KM,1439.3
2015,A,6,_X,A,N,IS_RDP_PFVOL,83,P_KM,1538.7
2016,A,6,_X,A,N,IS_RDP_PFVOL,83,P_KM,1655.4
2017,A,6,_X,A,N,IS_RDP_PFVOL,83,P_KM,1786.6
2018,A,6,_X,A,N,IS_RDP_PFVOL,83,P_KM,1964.8
2010,A,6,_X,A,N,IS_RDP_PFVOL,84,P_KM,430.8
2011,A,6,_X,A,N,IS_RDP_PFVOL,84,P_KM,352.3
2012,A,6,_X,A,N,IS_RDP_PFVOL,84,P_KM,375.7
2013,A,6,_X,A,N,IS_RDP_PFVOL,84,P_KM,393.1
2014,A,6,_X,A,N,IS_RDP_PFVOL,84,P_KM,408.8
2015,A,6,_X,A,N,IS_RDP_PFVOL,84,P_KM,440.0
2016,A,6,_X,A,N,IS_RDP_PFVOL,84,P_KM,477.4
2017,A,6,_X,A,N,IS_RDP_PFVOL,84,P_KM,516.7
2018,A,6,_X,A,N,IS_RDP_PFVOL,84,P_KM,555.7
2010,A,6,_X,A,N,IS_RDP_PFVOL,86,P_KM,896.9
2011,A,6,_X,A,N,IS_RDP_PFVOL,86,P_KM,846.4
2012,A,6,_X,A,N,IS_RDP_PFVOL,86,P_KM,895.2
2013,A,6,_X,A,N,IS_RDP_PFVOL,86,P_KM,928.4
2014,A,6,_X,A,N,IS_RDP_PFVOL,86,P_KM,934.2
2015,A,6,_X,A,N,IS_RDP_PFVOL,86,P_KM,871.8
2016,A,6,_X,A,N,IS_RDP_PFVOL,86,P_KM,912.5
2017,A,6,_X,A,N,IS_RDP_PFVOL,86,P_KM,979.1
2018,A,6,_X,A,N,IS_RDP_PFVOL,86,P_KM,898.1
2010,A,6,_X,A,N,IS_RDP_PFVOL,87,P_KM,719.5
2011,A,6,_X,A,N,IS_RDP_PFVOL,87,P_KM,635.4
2012,A,6,_X,A,N,IS_RDP_PFVOL,87,P_KM,668.2
2013,A,6,_X,A,N,IS_RDP_PFVOL,87,P_KM,698.8
2014,A,6,_X,A,N,IS_RDP_PFVOL,87,P_KM,729.6
2015,A,6,_X,A,N,IS_RDP_PFVOL,87,P_KM,818.4
2016,A,6,_X,A,N,IS_RDP_PFVOL,87,P_KM,874.8
2017,A,6,_X,A,N,IS_RDP_PFVOL,87,P_KM,938.1
2018,A,6,_X,A,N,IS_RDP_PFVOL,87,P_KM,1011.3
2010,A,6,_X,A,N,IS_RDP_PFVOL,89,P_KM,2112.4
2011,A,6,_X,A,N,IS_RDP_PFVOL,89,P_KM,2147.4
2012,A,6,_X,A,N,IS_RDP_PFVOL,89,P_KM,2267.9
2013,A,6,_X,A,N,IS_RDP_PFVOL,89,P_KM,2335.9
2014,A,6,_X,A,N,IS_RDP_PFVOL,89,P_KM,2500.0
2015,A,6,_X,A,N,IS_RDP_PFVOL,89,P_KM,2586.4
2016,A,6,_X,A,N,IS_RDP_PFVOL,89,P_KM,2772.5
2017,A,6,_X,A,N,IS_RDP_PFVOL,89,P_KM,2956.8
2018,A,6,_X,A,N,IS_RDP_PFVOL,89,P_KM,3312.5
2010,A,6,_X,A,N,IS_RDP_PFVOL,91,P_KM,1810.0
2011,A,6,_X,A,N,IS_RDP_PFVOL,91,P_KM,2289.8
2012,A,6,_X,A,N,IS_RDP_PFVOL,91,P_KM,2619.0
2013,A,6,_X,A,N,IS_RDP_PFVOL,91,P_KM,2744.6
2014,A,6,_X,A,N,IS_RDP_PFVOL,91,P_KM,3021.0
2015,A,6,_X,A,N,IS_RDP_PFVOL,91,P_KM,3250.0
2016,A,6,_X,A,N,IS_RDP_PFVOL,91,P_KM,3542.2
2017,A,6,_X,A,N,IS_RDP_PFVOL,91,P_KM,3822.8
2018,A,6,_X,A,N,IS_RDP_PFVOL,91,P_KM,4101.9
2010,A,6,_X,A,N,IS_RDP_PFVOL,92,P_KM,4395.0
2011,A,6,_X,A,N,IS_RDP_PFVOL,92,P_KM,4919.0
2012,A,6,_X,A,N,IS_RDP_PFVOL,92,P_KM,5290.8
2013,A,6,_X,A,N,IS_RDP_PFVOL,92,P_KM,5701.0
2014,A,6,_X,A,N,IS_RDP_PFVOL,92,P_KM,5302.9
2015,A,6,_X,A,N,IS_RDP_PFVOL,92,P_KM,5012.5
2016,A,6,_X,A,N,IS_RDP_PFVOL,92,P_KM,5103.0
2017,A,6,_X,A,N,IS_RDP_PFVOL,92,P_KM,5381.9
2018,A,6,_X,A,N,IS_RDP_PFVOL,92,P_KM,5751.4
2010,A,6,_X,A,N,IS_RDP_PFVOL,93,P_KM,394.0
2011,A,6,_X,A,N,IS_RDP_PFVOL,93,P_KM,429.0
2012,A,6,_X,A,N,IS_RDP_PFVOL,93,P_KM,464.0
2013,A,6,_X,A,N,IS_RDP_PFVOL,93,P_KM,498.8
2014,A,6,_X,A,N,IS_RDP_PFVOL,93,P_KM,544.5
2015,A,6,_X,A,N,IS_RDP_PFVOL,93,P_KM,573.5
2016,A,6,_X,A,N,IS_RDP_PFVOL,93,P_KM,607.8
2017,A,6,_X,A,N,IS_RDP_PFVOL,93,P_KM,649.5
2018,A,6,_X,A,N,IS_RDP_PFVOL,93,P_KM,671.5
2010,A,6,_X,A,N,IS_RDP_PFVOL,94,P_KM,515.2
2011,A,6,_X,A,N,IS_RDP_PFVOL,94,P_KM,522.2
2012,A,6,_X,A,N,IS_RDP_PFVOL,94,P_KM,550.8
2013,A,6,_X,A,N,IS_RDP_PFVOL,94,P_KM,568.6
2014,A,6,_X,A,N,IS_RDP_PFVOL,94,P_KM,586.4
2015,A,6,_X,A,N,IS_RDP_PFVOL,94,P_KM,610.3
2016,A,6,_X,A,N,IS_RDP_PFVOL,94,P_KM,658.7
2017,A,6,_X,A,N,IS_RDP_PFVOL,94,P_KM,694.3
2018,A,6,_X,A,N,IS_RDP_PFVOL,94,P_KM,727.9
2010,A,6,_X,A,N,IS_RDP_PFVOL,95,P_KM,957.2
2011,A,6,_X,A,N,IS_RDP_PFVOL,95,P_KM,983.4
2012,A,6,_X,A,N,IS_RDP_PFVOL,95,P_KM,1044.6
2013,A,6,_X,A,N,IS_RDP_PFVOL,95,P_KM,1073.7
2014,A,6,_X,A,N,IS_RDP_PFVOL,95,P_KM,1120.5
2015,A,6,_X,A,N,IS_RDP_PFVOL,95,P_KM,1244.8
2016,A,6,_X,A,N,IS_RDP_PFVOL,95,P_KM,1362.7
2017,A,6,_X,A,N,IS_RDP_PFVOL,95,P_KM,1481.3
2018,A,6,_X,A,N,IS_RDP_PFVOL,95,P_KM,1605.1
2010,A,6,_X,A,N,IS_RDP_PFVOL,96,P_KM,709.1
2011,A,6,_X,A,N,IS_RDP_PFVOL,96,P_KM,725.0
2012,A,6,_X,A,N,IS_RDP_PFVOL,96,P_KM,764.2
2013,A,6,_X,A,N,IS_RDP_PFVOL,96,P_KM,788.5
2014,A,6,_X,A,N,IS_RDP_PFVOL,96,P_KM,821.2
2015,A,6,_X,A,N,IS_RDP_PFVOL,96,P_KM,840.8
2016,A,6,_X,A,N,IS_RDP_PFVOL,96,P_KM,872.8
2017,A,6,_X,A,N,IS_RDP_PFVOL,96,P_KM,921.3
2018,A,6,_X,A,N,IS_RDP_PFVOL,96,P_KM,1047.6
